user,mac,staylength
30121,52611,688
32178,29364,688
31166,12700,653
23526,53677,607
31318,40744,577
25168,22961,522
36189,53669,521
27525,56270,502
17277,18809,472
21163,44069,414
25962,6874,393
23318,31601,392
12205,43481,389
31166,11597,372
15714,55306,342
14259,17272,320
8594,47140,312
25019,17995,299
27822,25915,299
776,5059,265
3216,33109,255
21153,22964,255
4396,16587,253
21352,5214,161
4931,45630,138
18489,42437,138
28729,29265,138
28729,13412,115
31780,54896,115
1454,24089,69
10204,11703,69
15861,17013,69
18645,32175,69
26539,52876,69
52156,12156,68
405,45614,67
8987,53903,47
563,26236,46
9981,7345,46
16500,48458,46
21163,48849,46
23518,62546,46
25913,60177,46
26152,61221,46
27525,15405,46
9378,23926,31
7233,22112,28
18013,19492,27
22485,18775,25
11965,4131,24
21460,36147,24
33695,5429,24
2391,22421,23
3216,9250,23
5468,61519,23
8987,36307,23
10204,38667,23
14631,14701,23
16139,62346,23
16500,18819,23
17905,56484,23
18927,48018,23
20181,8407,23
26475,3583,23
28729,36208,23
31483,34612,23
35310,44325,23
35745,50585,23
5133,38612,21
1774,56168,18
6683,38232,18
15616,53108,16
17857,50893,16
1762,24851,15
12811,45978,15
20787,46789,15
37438,53104,15
1872,33321,14
35645,35304,14
7060,51799,13
17857,7732,13
23718,18858,13
28504,36688,13
34591,16733,13
693,52205,12
766,41881,12
14048,8145,12
19551,13373,12
30352,44473,12
31181,30745,12
2591,38899,11
15409,19495,11
27576,4260,11
30469,63279,11
30847,39393,11
33691,33404,11
34468,62350,11
693,8521,10
1339,41479,10
8146,7045,10
10071,23607,10
12525,19750,10
13629,41288,10
14211,530,10
15118,15321,10
15783,58530,10
19796,7199,10
19868,26885,10
22433,18023,10
27094,15813,10
29912,3618,10
30507,24578,10
33418,44710,10
34061,21694,10
35242,28487,10
3182,13850,9
6822,30611,9
7507,51214,9
12149,26569,9
12551,7882,9
13712,18335,9
15054,6872,9
15112,39160,9
18560,46486,9
29593,23739,9
30070,35710,9
32239,12813,9
33891,13398,9
34291,1005,9
36357,59412,9
17,12439,8
44,58653,8
2333,55190,8
2644,9578,8
7316,18171,8
8433,5428,8
9493,33253,8
9743,12509,8
9997,9450,8
12826,33802,8
15054,15311,8
15197,2537,8
16456,50960,8
16490,10400,8
17062,58771,8
17270,29479,8
17684,17606,8
19488,7225,8
19551,6887,8
19868,44017,8
20432,11275,8
20783,17267,8
23885,21168,8
26445,59591,8
28967,55811,8
29444,45809,8
31030,47578,8
32028,26834,8
32186,28423,8
32297,15083,8
32393,36815,8
33214,33629,8
34061,61088,8
35518,52114,8
36210,48917,8
347,19975,7
648,31117,7
764,1525,7
1018,23929,7
1018,46009,7
2285,57764,7
2511,59856,7
3352,50118,7
4513,20063,7
4754,35589,7
5186,6112,7
5496,48091,7
5563,26872,7
5938,55170,7
6655,57134,7
6660,23288,7
7898,58729,7
8322,50169,7
8709,60093,7
10815,22561,7
11637,31348,7
11691,20983,7
13007,29496,7
13111,55702,7
14048,27700,7
15033,38512,7
15565,37828,7
15716,7106,7
16942,34260,7
17393,23223,7
17414,41719,7
17468,26006,7
17563,4267,7
18476,53111,7
18668,25613,7
19602,14870,7
19705,23207,7
19881,19611,7
20912,7594,7
21919,36624,7
22088,4971,7
24876,4599,7
25020,38827,7
28131,28544,7
28582,57729,7
28763,7598,7
28967,59001,7
29349,25265,7
29685,19298,7
29930,46686,7
30119,46773,7
30282,32314,7
30562,27016,7
31775,11660,7
32393,35886,7
32418,51259,7
32684,6892,7
32697,56643,7
32781,10130,7
33837,6911,7
34477,59059,7
34627,2004,7
34664,40470,7
36178,56402,7
59,28578,6
347,16631,6
637,2971,6
687,60945,6
697,14538,6
758,3970,6
847,45603,6
880,41858,6
887,5072,6
958,55085,6
1348,810,6
1469,36692,6
1536,34526,6
1678,57022,6
1786,27899,6
2171,30870,6
2536,37024,6
3327,29643,6
3352,63232,6
3473,35159,6
3762,37364,6
4259,57568,6
4850,62801,6
5559,9872,6
5951,15088,6
6316,55162,6
6317,6493,6
6321,14023,6
6519,6336,6
6608,37277,6
6660,58239,6
6783,4225,6
7060,43734,6
7566,6534,6
7566,41393,6
7629,52368,6
8005,54355,6
8036,12551,6
8036,35817,6
8337,63271,6
8358,9342,6
8409,10548,6
8409,15961,6
8690,37885,6
8728,20767,6
9003,8044,6
9697,9063,6
9997,38817,6
10510,38651,6
10597,6989,6
10628,4334,6
11068,19172,6
11433,40883,6
11443,26030,6
11713,16995,6
11779,55898,6
12094,5932,6
12645,62750,6
12885,55823,6
13412,4925,6
13802,50541,6
14178,1354,6
14222,10656,6
14677,51896,6
14677,53920,6
15141,20455,6
15493,30627,6
15643,42239,6
15741,51736,6
16006,14728,6
16018,3621,6
16060,40114,6
16510,53715,6
16513,14740,6
16714,1846,6
16789,24440,6
16789,31537,6
17077,8927,6
17736,11576,6
17736,42855,6
17757,23715,6
17857,24986,6
18013,17912,6
19606,12677,6
19806,5149,6
20111,53433,6
20783,28745,6
20912,23189,6
21142,3500,6
21159,32498,6
21171,17433,6
21287,52797,6
21983,20805,6
22755,16477,6
22825,10081,6
23523,506,6
23563,54091,6
23718,32196,6
23934,37529,6
24346,14110,6
24346,54732,6
24550,27708,6
25175,47416,6
25175,54502,6
25674,13517,6
25873,56618,6
25932,53093,6
26227,9567,6
26516,62103,6
27304,43763,6
27418,22767,6
27774,28414,6
27806,3266,6
27989,59297,6
28348,8820,6
28357,5722,6
28402,12499,6
28468,22672,6
28772,35423,6
29293,3591,6
29293,9247,6
29822,33066,6
30001,11419,6
30113,51785,6
30126,44811,6
30469,27693,6
30672,27773,6
30728,37716,6
30921,60579,6
31030,27973,6
31090,57084,6
31223,60802,6
31441,21540,6
31523,9129,6
31940,5705,6
32046,2323,6
32239,60686,6
32418,8979,6
32773,32261,6
32880,56509,6
33465,50369,6
33646,13111,6
33935,35458,6
34092,44938,6
34268,41036,6
34591,36049,6
34664,60715,6
34738,32574,6
34745,38378,6
35074,14250,6
35863,7724,6
35893,18059,6
36183,25898,6
17,36266,5
59,23603,5
102,29484,5
398,29972,5
451,31574,5
697,8376,5
711,18474,5
764,7533,5
895,48730,5
1469,44423,5
1536,27988,5
1762,43919,5
1786,61929,5
1796,48453,5
1913,46346,5
1914,13647,5
1970,48283,5
2217,50176,5
2346,18779,5
2347,5710,5
2501,40239,5
2508,25206,5
2644,46488,5
2645,18442,5
2818,385,5
2927,59164,5
3141,38695,5
3277,17656,5
3327,11156,5
3366,59399,5
3416,61322,5
3473,34374,5
3723,37544,5
3725,28709,5
3953,41525,5
4030,49145,5
4063,53085,5
4169,32323,5
4358,38486,5
4439,6680,5
4629,1556,5
4754,45328,5
4975,17594,5
5214,53756,5
5229,26786,5
5382,26829,5
5603,12063,5
5617,19698,5
5645,5617,5
5726,16025,5
5785,33227,5
6211,4840,5
6256,37535,5
6410,14244,5
6532,39265,5
6599,10813,5
6599,40515,5
6802,61825,5
6913,41673,5
7079,16665,5
7079,53936,5
7105,5121,5
7105,55271,5
7121,3111,5
7121,52116,5
7233,30184,5
7265,4263,5
7528,7630,5
7529,33888,5
7529,60701,5
7619,60152,5
7625,11719,5
7625,47851,5
7789,6835,5
7840,18124,5
7865,16814,5
7963,23486,5
8034,33432,5
8069,62243,5
8146,23045,5
8258,61890,5
8409,40844,5
8433,58262,5
8492,148,5
8719,6655,5
8781,27538,5
8784,49872,5
8889,37992,5
8922,62594,5
8935,30151,5
8956,29538,5
9003,41513,5
9141,26706,5
9187,25868,5
9242,58748,5
9370,30536,5
9390,17447,5
9571,52564,5
9949,23957,5
9949,59411,5
10071,60217,5
10462,51917,5
10596,53956,5
11068,13625,5
11083,43454,5
11391,62277,5
11433,55983,5
11443,47855,5
11713,52725,5
11779,36455,5
11899,7279,5
11940,890,5
11940,15183,5
12086,26033,5
12086,35602,5
12102,18254,5
12149,32547,5
12363,1425,5
12405,23326,5
12551,57089,5
12573,7092,5
12617,10612,5
12645,23015,5
12964,7084,5
13140,21761,5
13152,10325,5
13159,1473,5
13412,50704,5
13828,32767,5
13843,18106,5
13921,40732,5
13931,40288,5
14084,61523,5
14178,28330,5
14274,42897,5
14392,49432,5
14463,20263,5
14532,611,5
14647,32779,5
14647,38706,5
14657,24908,5
14657,54889,5
14804,32093,5
14808,1033,5
14993,11890,5
15197,47093,5
15394,12568,5
15394,46824,5
15499,19983,5
15501,38051,5
15529,55093,5
15569,49765,5
15636,59533,5
15741,58440,5
16006,27510,5
16197,7650,5
16197,15252,5
16456,8718,5
16512,13342,5
16537,37208,5
16714,26845,5
16906,30315,5
17075,12410,5
17270,12897,5
17273,8949,5
17390,32533,5
17551,60164,5
17563,47184,5
17910,59552,5
18078,14013,5
18204,21953,5
19075,758,5
19075,63111,5
19187,734,5
19453,21480,5
19526,39702,5
19693,63055,5
19758,24024,5
19984,52575,5
20097,13571,5
20462,48746,5
20464,11354,5
20521,60574,5
20538,54731,5
20603,33569,5
20703,3920,5
20830,53424,5
20917,13306,5
21142,38184,5
21159,23748,5
21196,10338,5
21243,36181,5
21311,42442,5
21312,35846,5
21312,50728,5
21323,57102,5
21885,14898,5
22088,50670,5
22128,45930,5
22244,24365,5
22324,9637,5
22324,24810,5
22336,16386,5
22381,53660,5
22567,40703,5
22576,42507,5
22966,44713,5
23111,51908,5
23174,38903,5
23209,41076,5
23226,25720,5
23300,22003,5
23300,46006,5
23314,37724,5
23341,13240,5
23455,29316,5
23563,6940,5
23768,32159,5
23813,212,5
24077,35567,5
24077,58043,5
24455,58572,5
24609,49822,5
24714,35941,5
24776,10145,5
24821,38297,5
25233,8520,5
25233,25356,5
25413,12958,5
25518,18788,5
25736,23836,5
25873,23669,5
25932,53078,5
26024,21777,5
26039,38813,5
26045,19135,5
26065,1292,5
26291,55179,5
26471,8983,5
26516,4492,5
26710,5424,5
27007,55982,5
27098,26191,5
27098,51831,5
27304,48026,5
27704,14927,5
27729,47875,5
27774,21107,5
27806,51417,5
27864,29397,5
27895,34327,5
27981,251,5
28357,48368,5
28376,16075,5
28444,2568,5
28524,3706,5
28538,30397,5
28655,24629,5
28731,9495,5
28825,59146,5
28914,42547,5
29038,1818,5
29356,28025,5
29428,56426,5
29459,53022,5
29624,62559,5
29801,42608,5
29963,3594,5
29963,16589,5
30070,25181,5
30158,26220,5
30255,60892,5
30284,48478,5
30311,46398,5
30391,60437,5
30416,51776,5
30469,13339,5
30599,49427,5
30618,22828,5
30774,52103,5
30777,44753,5
30973,9643,5
31040,63174,5
31090,58324,5
31324,30691,5
31324,44588,5
31349,33816,5
31941,25213,5
32111,12344,5
32135,50743,5
32154,8473,5
32158,61899,5
32197,37279,5
32297,49296,5
32368,12693,5
32421,23407,5
32751,38161,5
32781,51708,5
32883,13426,5
32899,34649,5
32899,42506,5
33114,24817,5
33236,13124,5
33691,36981,5
33694,58856,5
33935,7178,5
34054,33399,5
34110,54745,5
34179,18360,5
34226,2407,5
34291,22036,5
34291,38220,5
34531,806,5
34531,23319,5
34962,31273,5
35029,31517,5
35496,51150,5
35518,37032,5
35613,52909,5
35893,57222,5
35898,60646,5
36143,32994,5
36143,56656,5
36178,55743,5
36200,45601,5
36350,46505,5
36583,23481,5
36715,23857,5
37186,45510,5
37208,3066,5
37350,10787,5
37350,16515,5
44,24335,4
138,48847,4
202,36045,4
336,31092,4
496,2685,4
603,56328,4
687,5888,4
718,5602,4
880,59625,4
989,54374,4
1100,51143,4
1252,25502,4
1296,39960,4
1486,6147,4
1581,16656,4
1657,9048,4
1733,55495,4
1735,46066,4
1744,5845,4
2150,38860,4
2170,13670,4
2170,61860,4
2217,5684,4
2475,54606,4
2489,12724,4
2722,9356,4
2722,16759,4
2904,50359,4
3002,42137,4
3129,9024,4
3141,26962,4
3165,16799,4
3181,45611,4
3262,39631,4
3262,54874,4
3366,15358,4
3424,21268,4
3433,8782,4
3446,50658,4
3459,6265,4
3465,62634,4
3688,54753,4
3784,8242,4
3787,17726,4
3886,13457,4
3886,50466,4
3900,59425,4
3931,60066,4
4097,56914,4
4169,2246,4
4171,47395,4
4256,13351,4
4347,38716,4
4347,44278,4
4488,6248,4
4488,7165,4
4546,33928,4
4607,63318,4
4615,43751,4
4789,20527,4
4943,47327,4
5012,39336,4
5021,2575,4
5146,18765,4
5186,62314,4
5277,56981,4
5283,13508,4
5496,58294,4
5611,37041,4
5675,11926,4
5694,61560,4
5726,46902,4
5944,5613,4
5983,9272,4
6093,23027,4
6177,45985,4
6203,42151,4
6238,402,4
6256,50798,4
6260,10527,4
6312,44961,4
6339,3108,4
6371,47371,4
6387,58893,4
6396,20833,4
6528,7565,4
6622,7810,4
6710,38845,4
6761,17722,4
6761,19098,4
7328,56962,4
7630,47350,4
8103,62550,4
8105,60610,4
8109,11338,4
8110,58519,4
8170,48593,4
8188,40413,4
8271,2853,4
8303,20536,4
8331,28612,4
8388,26603,4
8690,23101,4
8690,33607,4
8698,29082,4
8698,30423,4
8734,46201,4
8795,3723,4
9242,57867,4
9249,3309,4
9292,21064,4
9370,44432,4
9394,48701,4
9642,38349,4
9657,22041,4
9677,18095,4
9753,19229,4
9753,29967,4
9897,8216,4
9979,10182,4
9979,45641,4
10164,62752,4
10276,13805,4
10490,44829,4
10491,419,4
10628,4721,4
10856,13754,4
10973,48531,4
11083,22844,4
11098,29759,4
11160,27653,4
11404,16041,4
11432,57977,4
11438,28914,4
11466,14846,4
11666,28700,4
11686,4324,4
11722,35184,4
11806,30533,4
11899,33274,4
11967,5591,4
11967,40549,4
12189,3304,4
12245,24918,4
12245,35610,4
12319,43447,4
12491,6346,4
12837,17060,4
12874,54046,4
12879,9873,4
13074,43510,4
13124,28343,4
13235,38770,4
13722,48814,4
13791,22136,4
13836,54269,4
13843,41260,4
13906,26472,4
13906,62856,4
14090,33757,4
14203,32641,4
14238,22176,4
14607,16684,4
14910,40574,4
14930,19574,4
15012,56526,4
15058,21265,4
15100,20024,4
15172,57422,4
15212,23877,4
15453,20606,4
15537,25754,4
15658,49799,4
15704,5743,4
15865,37204,4
15874,2942,4
15922,22182,4
15934,4206,4
15934,52526,4
16028,26167,4
16172,37693,4
16292,1020,4
16393,808,4
16416,24705,4
16422,30639,4
16422,35278,4
16564,45177,4
16564,57424,4
16598,40702,4
16617,33929,4
16652,28782,4
16668,48457,4
16675,49576,4
16705,16008,4
16750,2376,4
16750,50160,4
16790,45816,4
16856,28072,4
16997,13079,4
17092,12230,4
17141,42851,4
17224,11728,4
17255,22633,4
17414,1467,4
17519,33885,4
17520,56575,4
17560,8618,4
17583,33775,4
17602,1681,4
17608,40252,4
17674,10142,4
17757,9888,4
18013,53263,4
18288,9028,4
18297,54605,4
18310,8015,4
18333,19839,4
18463,6577,4
18470,15679,4
18476,7664,4
18627,39783,4
18681,31033,4
18681,40427,4
18770,12347,4
18773,7468,4
18949,25753,4
19085,26040,4
19223,6183,4
19278,18820,4
19516,13975,4
19526,36118,4
19602,25243,4
19685,23383,4
19685,48300,4
19758,6738,4
19832,58109,4
19838,17044,4
20002,12859,4
20013,54190,4
20079,14469,4
20097,41664,4
20130,29481,4
20130,58823,4
20255,40988,4
20255,41215,4
20313,55797,4
20401,52572,4
20432,28743,4
20464,1764,4
20493,2081,4
20647,4706,4
20647,37563,4
20787,4207,4
20857,43466,4
20964,47991,4
20999,1247,4
21287,50086,4
21391,61209,4
21434,7338,4
21443,61784,4
21483,141,4
21495,17849,4
21756,6532,4
21756,56847,4
21765,31766,4
21873,33979,4
21998,18918,4
22033,42563,4
22128,38007,4
22249,34855,4
22257,1870,4
22270,49438,4
22288,48895,4
22336,22156,4
22394,27103,4
22575,48172,4
22626,54769,4
22691,62434,4
22721,9759,4
22875,42853,4
23106,9312,4
23636,16489,4
23730,16186,4
23739,50953,4
23760,16929,4
23813,46199,4
24207,43464,4
24248,59067,4
24281,8896,4
24338,26233,4
24488,53182,4
24550,59218,4
24609,44991,4
24776,35476,4
24799,7008,4
24931,27039,4
25020,51746,4
25028,19310,4
25155,34718,4
25155,46828,4
25477,58063,4
25518,63274,4
25553,38194,4
25574,14465,4
25795,35429,4
26050,4376,4
26056,36046,4
26107,19242,4
26206,60025,4
26220,24559,4
26291,20933,4
26340,61290,4
26384,36082,4
26622,20857,4
26667,13329,4
26686,51146,4
26725,48359,4
26729,11478,4
26859,10794,4
26871,20249,4
26871,27544,4
26932,26708,4
26980,3928,4
27300,28111,4
27334,17090,4
27334,23460,4
27385,13062,4
27403,13709,4
27464,15269,4
27464,47774,4
27508,16838,4
27558,53208,4
27685,51702,4
27722,35452,4
27731,34219,4
27740,11472,4
27808,19346,4
27893,54592,4
27903,27449,4
27950,49217,4
27950,62699,4
27981,4779,4
27990,15910,4
28328,17455,4
28328,53300,4
28524,11922,4
28758,51037,4
28792,21742,4
28819,60952,4
28853,48702,4
29038,49086,4
29158,36890,4
29212,21765,4
29215,18590,4
29230,55251,4
29306,493,4
29334,2597,4
29334,32409,4
29368,55291,4
29411,24498,4
29682,7993,4
29752,20574,4
29933,21549,4
29962,55014,4
29968,28306,4
30021,31663,4
30035,1171,4
30126,12971,4
30284,8118,4
30301,50778,4
30309,39459,4
30496,34820,4
30507,57538,4
30602,8962,4
30684,59769,4
30754,21045,4
30853,40510,4
30924,7790,4
31040,5660,4
31679,13031,4
31704,54044,4
31816,40738,4
31826,56822,4
31964,50285,4
32021,2112,4
32051,42181,4
32111,50036,4
32184,33341,4
32279,22765,4
32279,23937,4
32524,36463,4
32905,8805,4
32988,34824,4
33104,40871,4
33104,48871,4
33232,29699,4
33232,44131,4
33404,15213,4
33404,46110,4
33481,9474,4
33694,22200,4
33787,12919,4
33996,25663,4
34174,37150,4
34174,50372,4
34175,54878,4
34212,26136,4
34287,36272,4
34292,54566,4
34313,37715,4
34333,21767,4
34489,29638,4
34710,1198,4
34710,23781,4
34770,63109,4
34959,58464,4
34971,21464,4
35357,14576,4
35357,50694,4
35390,12807,4
35471,9778,4
35486,7126,4
35976,18841,4
36175,33170,4
36210,25970,4
36240,27139,4
36392,20834,4
36632,38140,4
36780,40324,4
36785,34983,4
36809,49677,4
36809,58661,4
36885,22414,4
36905,25056,4
37002,39706,4
37002,62478,4
37030,54334,4
37065,24563,4
37264,23845,4
37405,613,4
17,21350,3
206,2250,3
264,20299,3
269,56243,3
331,52230,3
332,1560,3
334,59273,3
336,43652,3
419,3455,3
480,33315,3
669,6457,3
669,57890,3
691,30244,3
692,58176,3
716,20893,3
716,49541,3
747,28625,3
780,30445,3
801,7131,3
840,13030,3
930,42852,3
939,54556,3
981,26119,3
1150,33675,3
1157,38756,3
1235,33042,3
1395,60863,3
1564,55969,3
1574,47972,3
1581,59674,3
1653,32223,3
1717,6816,3
1872,59924,3
1914,40396,3
1937,51916,3
2178,11075,3
2201,52499,3
2228,12998,3
2308,198,3
2384,30311,3
2470,53177,3
2483,33547,3
2492,11433,3
2527,22768,3
2551,54982,3
2791,52473,3
2811,32027,3
2849,31794,3
2862,44319,3
2904,46008,3
2980,25827,3
3096,45232,3
3240,43922,3
3308,54532,3
3316,15595,3
3342,50513,3
3360,49642,3
3366,56194,3
3366,60977,3
3396,53137,3
3416,22679,3
3465,59249,3
3501,61673,3
3530,62289,3
3576,40096,3
3587,27790,3
3587,35768,3
3607,26949,3
3661,51613,3
3661,56190,3
3736,268,3
3914,3343,3
3951,7234,3
4102,9335,3
4123,24782,3
4268,27872,3
4341,32459,3
4345,37097,3
4379,11436,3
4389,47131,3
4424,60056,3
4555,12874,3
4586,60239,3
4587,41626,3
4650,43781,3
4735,53548,3
4761,52273,3
4878,19658,3
4888,12093,3
5029,47255,3
5038,30610,3
5068,42001,3
5080,11366,3
5105,16394,3
5192,47695,3
5197,50849,3
5222,45230,3
5281,22032,3
5282,33531,3
5313,35975,3
5389,50750,3
5421,13096,3
5435,2349,3
5436,20838,3
5466,11836,3
5506,7709,3
5546,23879,3
5572,21553,3
5575,41001,3
5662,61539,3
5711,33512,3
5720,29292,3
5755,24739,3
5794,44154,3
5797,4155,3
5851,3628,3
5880,6823,3
5889,24502,3
5931,48887,3
5957,57885,3
6058,38224,3
6125,27575,3
6339,53865,3
6371,17792,3
6410,3908,3
6467,35522,3
6519,6128,3
6534,39305,3
6682,22538,3
6707,35574,3
6710,55533,3
6737,34940,3
6745,40149,3
6802,35957,3
6821,43247,3
6835,33458,3
6867,12731,3
6946,57856,3
6991,50286,3
6993,27691,3
7016,11008,3
7045,15859,3
7124,59961,3
7192,13636,3
7271,5347,3
7312,33581,3
7356,51327,3
7363,52530,3
7410,954,3
7434,5371,3
7511,24027,3
7630,2405,3
7726,24341,3
7814,22104,3
7828,58916,3
7868,35592,3
7910,49204,3
7916,45060,3
7935,7640,3
8010,20803,3
8025,46772,3
8048,2696,3
8095,2681,3
8150,2381,3
8179,8523,3
8179,29062,3
8206,53615,3
8218,34302,3
8261,44973,3
8273,24622,3
8279,9395,3
8362,63268,3
8374,24697,3
8481,56568,3
8563,14752,3
8563,28444,3
8678,17766,3
8791,45294,3
8852,11455,3
8873,30615,3
8936,22109,3
8942,21111,3
8943,28195,3
8953,56719,3
8956,44133,3
9002,35090,3
9097,5157,3
9130,20948,3
9149,51983,3
9243,49668,3
9293,62924,3
9301,6510,3
9468,12508,3
9493,5551,3
9495,56935,3
9497,57493,3
9500,47062,3
9583,62245,3
9624,29424,3
9659,5804,3
9677,41797,3
9743,11292,3
9831,24676,3
9831,30203,3
9842,15334,3
9936,45187,3
9987,11726,3
10043,5032,3
10164,13300,3
10216,10995,3
10216,29826,3
10220,19829,3
10284,21419,3
10311,39300,3
10392,14677,3
10454,20873,3
10464,52478,3
10471,58347,3
10606,40619,3
10614,58449,3
10675,8405,3
10694,36647,3
10720,49752,3
10738,21011,3
10792,28353,3
10806,28682,3
10820,56774,3
11061,25451,3
11077,15071,3
11184,37231,3
11233,59342,3
11243,54817,3
11259,55405,3
11265,11661,3
11533,4402,3
11539,35331,3
11637,25446,3
11651,47761,3
11764,8865,3
11877,14607,3
11933,50322,3
11959,31306,3
11959,55414,3
12169,54988,3
12250,31876,3
12271,21667,3
12405,37384,3
12409,57449,3
12431,1288,3
12433,52600,3
12465,56586,3
12499,7174,3
12611,18798,3
12706,6880,3
12870,16244,3
12947,11925,3
12993,36758,3
13085,33187,3
13155,57159,3
13182,26021,3
13202,38125,3
13225,20688,3
13306,14170,3
13445,40228,3
13491,22980,3
13505,4317,3
13565,11060,3
13573,56803,3
13672,61729,3
13673,15258,3
13698,61463,3
13742,4577,3
13900,27158,3
13941,8043,3
14038,217,3
14079,62738,3
14211,52487,3
14298,23139,3
14313,55508,3
14321,62385,3
14416,22726,3
14453,23519,3
14479,54890,3
14523,27937,3
14588,1222,3
14589,57760,3
14603,37711,3
14627,48931,3
14636,48508,3
14702,60363,3
14744,60736,3
14748,25514,3
14752,36794,3
14828,11518,3
14883,45085,3
14927,15695,3
14967,28448,3
15128,32596,3
15158,5595,3
15212,29870,3
15303,29257,3
15304,11048,3
15304,57454,3
15359,43298,3
15362,9505,3
15408,6955,3
15453,8266,3
15501,52839,3
15509,51274,3
15524,41093,3
15568,16742,3
15588,29491,3
15658,54264,3
15692,8845,3
15734,50897,3
15773,45849,3
15819,27404,3
15848,8028,3
15850,17103,3
15922,31311,3
16003,12498,3
16018,60519,3
16034,38555,3
16112,50104,3
16149,21148,3
16159,56156,3
16265,1392,3
16265,39519,3
16398,38719,3
16416,45414,3
16474,15054,3
16568,29818,3
16626,55949,3
16680,37753,3
16704,14973,3
16711,45027,3
16716,26912,3
16790,42686,3
16846,42792,3
17068,52915,3
17176,13168,3
17176,22177,3
17328,16193,3
17328,58493,3
17393,8087,3
17416,2574,3
17443,48467,3
17448,5194,3
17539,9012,3
17541,30371,3
17571,39710,3
17610,40007,3
17630,52374,3
17639,26053,3
17694,9035,3
17746,29464,3
17783,14102,3
17883,49650,3
17948,35977,3
17996,40821,3
18050,6037,3
18077,31552,3
18142,19164,3
18391,44670,3
18463,28439,3
18536,31962,3
18598,26683,3
18617,49237,3
18627,23196,3
18817,59813,3
18916,35047,3
18917,3393,3
18949,53217,3
18970,30386,3
19005,43110,3
19066,4710,3
19095,35890,3
19239,3272,3
19244,51261,3
19255,49245,3
19287,47807,3
19414,57359,3
19456,8492,3
19566,20365,3
19576,20138,3
19661,49516,3
19676,710,3
19690,58201,3
19709,45041,3
19804,14495,3
19897,63281,3
19994,24785,3
20050,44535,3
20131,15621,3
20177,39355,3
20182,35688,3
20238,31614,3
20260,63041,3
20289,48901,3
20298,15315,3
20313,60544,3
20335,53564,3
20357,34153,3
20375,27242,3
20388,23808,3
20389,3324,3
20504,3915,3
20507,60205,3
20556,29887,3
20607,56188,3
20612,17050,3
20681,45917,3
20681,57653,3
20730,18899,3
20759,14005,3
20786,21096,3
20802,61325,3
20842,5021,3
20895,30851,3
20898,7827,3
20905,14766,3
20971,14955,3
20979,50976,3
21050,20739,3
21086,7816,3
21113,37385,3
21169,34435,3
21212,3891,3
21217,11098,3
21339,6604,3
21362,18857,3
21529,1055,3
21529,29683,3
21713,23635,3
21725,17318,3
21793,23495,3
21794,15403,3
21855,34749,3
21912,38507,3
21964,56755,3
22033,14680,3
22051,14805,3
22066,58527,3
22177,23257,3
22200,19931,3
22263,11988,3
22314,6613,3
22445,4725,3
22476,56672,3
22520,58344,3
22562,37146,3
22575,36676,3
22747,13637,3
22772,46603,3
22893,8935,3
22898,51012,3
22935,58268,3
22958,36731,3
22967,26591,3
23036,26517,3
23051,2058,3
23080,37541,3
23163,37867,3
23165,62041,3
23174,29650,3
23179,17314,3
23221,14151,3
23244,18845,3
23249,13473,3
23276,44723,3
23350,1952,3
23354,37854,3
23357,1074,3
23389,48606,3
23597,8550,3
23610,51470,3
23670,29302,3
23708,18537,3
23717,54413,3
23831,44530,3
23897,58970,3
23929,40406,3
24026,1498,3
24039,7499,3
24084,470,3
24104,12980,3
24104,56940,3
24224,1841,3
24256,12047,3
24484,12213,3
24507,670,3
24533,34237,3
24605,9966,3
24655,25841,3
24705,42255,3
24722,9166,3
24781,51339,3
24797,21308,3
24916,17059,3
24931,9864,3
24932,21925,3
24990,39440,3
24994,59824,3
25008,7223,3
25028,60386,3
25043,27629,3
25145,23976,3
25262,26677,3
25402,52361,3
25437,24320,3
25510,56024,3
25550,55097,3
25686,50725,3
25704,55865,3
25749,22499,3
25784,45535,3
25784,61305,3
25842,337,3
25853,52029,3
26080,27159,3
26100,21360,3
26147,16359,3
26190,35535,3
26268,49417,3
26281,25068,3
26399,10796,3
26442,31568,3
26442,50659,3
26573,37774,3
26598,60735,3
26615,8069,3
26705,2213,3
26752,26583,3
26758,46803,3
26859,46616,3
26966,24649,3
27024,21988,3
27042,12670,3
27112,50454,3
27118,54671,3
27204,39967,3
27324,476,3
27359,54407,3
27458,48113,3
27519,16091,3
27558,29008,3
27589,63105,3
27615,40826,3
27615,41132,3
27617,53573,3
27657,20060,3
27729,10355,3
27740,21809,3
27757,7844,3
27834,23886,3
28205,14654,3
28247,48426,3
28310,6731,3
28323,60494,3
28490,49267,3
28539,12382,3
28582,54871,3
28599,3842,3
28731,19204,3
28804,23090,3
28898,27537,3
28898,32426,3
28905,47826,3
28979,40310,3
29011,20642,3
29104,1224,3
29120,5833,3
29136,39922,3
29183,25165,3
29459,12629,3
29522,41573,3
29551,16807,3
29606,11394,3
29746,43709,3
29763,5688,3
29765,28342,3
29766,4959,3
29836,24634,3
29995,6379,3
30039,49969,3
30135,48383,3
30139,10375,3
30222,57952,3
30227,10386,3
30242,61112,3
30329,1522,3
30479,59070,3
30494,61586,3
30495,52817,3
30499,5784,3
30520,55079,3
30531,27687,3
30625,1913,3
30649,38581,3
30659,27859,3
30693,45277,3
30699,33526,3
30702,24284,3
30716,36153,3
30737,35413,3
30839,24185,3
30959,14179,3
31010,47037,3
31041,943,3
31041,12644,3
31078,16328,3
31090,36616,3
31139,31401,3
31152,45119,3
31182,17992,3
31331,24954,3
31359,5550,3
31550,16671,3
31753,12,3
31778,1163,3
31802,24610,3
31881,21660,3
31893,15434,3
31932,14080,3
32028,26258,3
32039,40818,3
32114,62298,3
32169,35510,3
32214,17291,3
32250,51784,3
32264,62966,3
32343,21008,3
32352,29103,3
32369,23694,3
32412,54568,3
32420,42527,3
32539,9632,3
32539,44397,3
32600,23819,3
32622,50789,3
32702,28719,3
32790,37131,3
32881,54691,3
33204,27749,3
33226,35211,3
33336,49049,3
33338,10362,3
33413,8568,3
33414,56657,3
33491,54658,3
33549,24224,3
33667,27217,3
33678,12740,3
33708,50167,3
33773,10352,3
33816,51806,3
33851,5597,3
33865,34931,3
33902,60311,3
34126,47901,3
34140,8547,3
34190,50217,3
34198,51478,3
34205,60400,3
34248,744,3
34252,40480,3
34288,48075,3
34292,50616,3
34334,22687,3
34357,572,3
34366,6200,3
34533,62902,3
34592,41050,3
34599,29741,3
34614,9330,3
34614,36038,3
34689,14241,3
34712,33553,3
34724,23584,3
34813,30405,3
34844,38742,3
34958,28371,3
34962,24552,3
35014,10425,3
35097,23861,3
35188,41175,3
35222,13128,3
35226,41836,3
35394,43969,3
35416,11158,3
35447,19645,3
35450,43588,3
35494,46416,3
35578,27994,3
35623,42241,3
35683,35048,3
35802,21790,3
35809,7907,3
35809,45471,3
35840,39610,3
35847,43777,3
35849,21963,3
35849,25644,3
35938,780,3
35998,40570,3
36012,27049,3
36083,16690,3
36175,19704,3
36219,47644,3
36236,28173,3
36330,3091,3
36435,32318,3
36448,24208,3
36547,28989,3
36602,9636,3
36696,41425,3
36897,45967,3
36988,17633,3
37041,53958,3
37059,60797,3
37065,14656,3
8,37486,2
30,60201,2
76,43768,2
97,21745,2
123,48715,2
191,60511,2
204,25803,2
249,40163,2
257,57594,2
281,32763,2
373,41423,2
462,3658,2
478,42011,2
479,51156,2
483,21641,2
505,2756,2
505,55381,2
553,48694,2
561,51332,2
568,17670,2
583,58295,2
594,12535,2
625,53623,2
751,9322,2
848,33609,2
854,51232,2
865,3810,2
931,50194,2
1002,41518,2
1007,5850,2
1016,48700,2
1017,13591,2
1021,13869,2
1062,45579,2
1083,16013,2
1098,12786,2
1208,40499,2
1225,56093,2
1279,4618,2
1311,50787,2
1331,59035,2
1389,15102,2
1420,14327,2
1446,34139,2
1459,36719,2
1467,38788,2
1485,970,2
1514,45054,2
1525,17248,2
1566,45539,2
1573,54527,2
1612,39193,2
1679,48525,2
1700,3619,2
1756,60468,2
1763,1860,2
1807,43938,2
1857,36257,2
1859,18279,2
1904,58029,2
1909,30099,2
1928,3923,2
1973,16632,2
2009,8021,2
2038,2505,2
2049,42913,2
2071,53565,2
2072,23987,2
2122,62573,2
2135,58385,2
2144,60796,2
2148,62877,2
2153,13930,2
2156,43025,2
2174,35169,2
2185,23345,2
2218,60515,2
2221,50730,2
2234,47733,2
2302,40758,2
2326,33466,2
2361,14695,2
2414,26639,2
2434,52670,2
2466,2501,2
2478,19938,2
2495,41369,2
2496,29187,2
2518,58646,2
2525,53398,2
2564,2368,2
2570,43279,2
2587,9491,2
2587,17603,2
2604,56591,2
2625,60180,2
2654,19803,2
2691,38193,2
2711,8915,2
2715,57475,2
2740,63181,2
2784,49841,2
2815,26431,2
2816,37113,2
2827,39202,2
2830,49644,2
2832,32664,2
2833,34421,2
2846,5166,2
2855,22231,2
2857,55718,2
2873,45856,2
2953,10997,2
2956,24530,2
2977,35007,2
3016,1500,2
3017,27738,2
3017,39149,2
3024,20231,2
3063,10700,2
3075,33210,2
3095,45559,2
3097,41250,2
3125,3704,2
3142,24337,2
3142,35227,2
3181,36299,2
3190,44448,2
3196,61551,2
3207,34685,2
3241,56712,2
3253,55723,2
3260,17802,2
3277,26891,2
3288,35681,2
3299,18838,2
3323,30844,2
3323,50995,2
3330,20855,2
3332,44504,2
3342,47998,2
3381,53580,2
3396,3941,2
3471,52775,2
3472,6440,2
3555,31083,2
3582,21664,2
3595,62093,2
3626,57357,2
3640,42074,2
3661,50189,2
3686,49167,2
3706,21969,2
3731,45650,2
3736,54755,2
3780,9291,2
3787,54207,2
3801,21771,2
3801,50142,2
3967,35273,2
3994,18894,2
3996,41807,2
4042,948,2
4043,21738,2
4068,9281,2
4097,2763,2
4099,10022,2
4103,22756,2
4122,5437,2
4158,10670,2
4193,58441,2
4219,56885,2
4221,50315,2
4241,37928,2
4245,39399,2
4261,37913,2
4276,8925,2
4276,25848,2
4290,32174,2
4292,24887,2
4305,40222,2
4393,5470,2
4420,9536,2
4427,31478,2
4446,3840,2
4468,51492,2
4486,1287,2
4486,50341,2
4491,32603,2
4496,7072,2
4507,62141,2
4532,49008,2
4538,39137,2
4576,18122,2
4603,1044,2
4651,40224,2
4686,17638,2
4775,7231,2
4859,27612,2
4865,54822,2
4916,15437,2
4924,26493,2
4926,18057,2
4966,17245,2
5029,18864,2
5089,47381,2
5140,16581,2
5176,30980,2
5217,42461,2
5230,45664,2
5240,50755,2
5282,21737,2
5298,59207,2
5333,33199,2
5338,34810,2
5360,45235,2
5390,49462,2
5401,44978,2
5429,21493,2
5440,52790,2
5445,58824,2
5480,14002,2
5500,39058,2
5503,30552,2
5569,11628,2
5585,41384,2
5586,5750,2
5592,59073,2
5635,23115,2
5691,20038,2
5709,42770,2
5710,61235,2
5733,12992,2
5739,59911,2
5753,20450,2
5775,2317,2
5775,19211,2
5802,57915,2
5814,54957,2
5816,62952,2
5819,57335,2
5933,34233,2
6071,16002,2
6081,39720,2
6165,4434,2
6178,18151,2
6190,16925,2
6193,8871,2
6265,22350,2
6275,41554,2
6276,36721,2
6281,23787,2
6283,7041,2
6283,44200,2
6307,51461,2
6319,16101,2
6329,38500,2
6335,34848,2
6346,9220,2
6366,46767,2
6374,20424,2
6388,26075,2
6402,32327,2
6428,17764,2
6472,14866,2
6524,25570,2
6538,27718,2
6543,42721,2
6574,58630,2
6581,32050,2
6625,26917,2
6642,29770,2
6666,17623,2
6672,22029,2
6682,63085,2
6722,46518,2
6736,20102,2
6749,12003,2
6775,19078,2
6790,13534,2
6790,41829,2
6865,59529,2
6946,16346,2
6952,26840,2
6991,45008,2
7000,28532,2
7011,31284,2
7016,51967,2
7032,51366,2
7035,7500,2
7072,38561,2
7077,53722,2
7088,7464,2
7089,56797,2
7132,57734,2
7144,62095,2
7148,37157,2
7151,61886,2
7153,29161,2
7167,9116,2
7176,24809,2
7189,17786,2
7213,58134,2
7215,16580,2
7247,37068,2
7250,30501,2
7265,9135,2
7299,50157,2
7348,39262,2
7367,28488,2
7447,33205,2
7505,45456,2
7528,47728,2
7532,36874,2
7534,7161,2
7541,5978,2
7545,58996,2
7555,35519,2
7562,33548,2
7600,59582,2
7618,63209,2
7630,58022,2
7631,35157,2
7652,10126,2
7652,14034,2
7670,21753,2
7782,37836,2
7788,54033,2
7789,31313,2
7859,37493,2
7881,24415,2
7881,36567,2
7918,6276,2
7924,56500,2
7933,18231,2
7949,57559,2
7967,19995,2
7968,45865,2
7970,55080,2
7979,37241,2
7985,41241,2
7986,19418,2
8001,2175,2
8012,1520,2
8012,23248,2
8029,22157,2
8038,52488,2
8051,57327,2
8137,57108,2
8150,28116,2
8163,43956,2
8182,17506,2
8183,26530,2
8196,2750,2
8234,55015,2
8237,17894,2
8276,51798,2
8277,2609,2
8298,59815,2
8313,318,2
8325,41107,2
8362,35424,2
8380,16672,2
8396,61025,2
8404,61988,2
8415,23657,2
8436,60394,2
8491,55832,2
8501,485,2
8533,21824,2
8550,8672,2
8588,27360,2
8593,4826,2
8600,43862,2
8601,58513,2
8632,12957,2
8643,62849,2
8678,7469,2
8714,30871,2
8755,44537,2
8755,55337,2
8756,28758,2
8798,51126,2
8841,1692,2
8906,51014,2
8939,45751,2
8982,62700,2
9000,36392,2
9048,61723,2
9055,15905,2
9061,7105,2
9078,38227,2
9083,21840,2
9097,5145,2
9128,20782,2
9134,43277,2
9164,51082,2
9166,53878,2
9169,11875,2
9174,22385,2
9287,26065,2
9336,61082,2
9341,19209,2
9383,9040,2
9386,21656,2
9411,30258,2
9430,12628,2
9453,36831,2
9456,12894,2
9465,21693,2
9466,23285,2
9468,25469,2
9471,6458,2
9480,42076,2
9487,42842,2
9555,37013,2
9591,16994,2
9606,22926,2
9637,21918,2
9642,4653,2
9651,37608,2
9651,61123,2
9656,8810,2
9656,18275,2
9670,47847,2
9693,30035,2
9712,44875,2
9751,10791,2
9752,31724,2
9767,30999,2
9782,39143,2
9809,17023,2
9821,37397,2
9823,54448,2
9828,41330,2
9839,21677,2
9844,27897,2
9847,32415,2
9858,4505,2
9858,17789,2
9880,60685,2
9896,19919,2
9932,8988,2
9957,6535,2
9970,2791,2
10018,48401,2
10066,49110,2
10095,52169,2
10120,61895,2
10154,2915,2
10177,59985,2
10207,51765,2
10219,43655,2
10331,35022,2
10348,32330,2
10358,11548,2
10387,12045,2
10409,28896,2
10412,2345,2
10423,15583,2
10434,45423,2
10447,37082,2
10474,33098,2
10483,6829,2
10483,27952,2
10504,16080,2
10540,3512,2
10548,48057,2
10550,55873,2
10556,58537,2
10654,12480,2
10685,58147,2
10745,50634,2
10758,33184,2
10792,54164,2
10806,31339,2
10815,32081,2
10830,17630,2
10860,26505,2
10860,40592,2
10910,48809,2
10976,47725,2
10982,39932,2
11036,11139,2
11051,1301,2
11071,41962,2
11076,57862,2
11078,26886,2
11083,30306,2
11120,10510,2
11148,51605,2
11219,1384,2
11227,59427,2
11248,50975,2
11320,13235,2
11322,284,2
11362,28276,2
11374,292,2
11396,30793,2
11414,33420,2
11432,36297,2
11440,35039,2
11481,24621,2
11495,22128,2
11498,20318,2
11499,35369,2
11503,56142,2
11508,34194,2
11546,30858,2
11560,52204,2
11561,42938,2
11564,62293,2
11566,7245,2
11581,14915,2
11637,33228,2
11646,36305,2
11683,2627,2
11683,41141,2
11708,35261,2
11728,44315,2
11729,2148,2
11730,33831,2
11742,35554,2
11767,30309,2
11783,19041,2
11790,2557,2
11853,28263,2
11864,33343,2
11868,57498,2
11898,28865,2
11900,21379,2
11903,40735,2
11912,38567,2
11934,11093,2
11939,35576,2
11995,31580,2
11998,1566,2
12041,33951,2
12048,10954,2
12048,15710,2
12048,51302,2
12069,14910,2
12092,24735,2
12101,57369,2
12121,47511,2
12140,43230,2
12153,57088,2
12200,19777,2
12211,16255,2
12225,63167,2
12235,38717,2
12238,18811,2
12247,55161,2
12255,22674,2
12272,15607,2
12279,4143,2
12316,47681,2
12356,17436,2
12388,53652,2
12411,51622,2
12414,60130,2
12421,10468,2
12432,39321,2
12433,40495,2
12444,28166,2
12465,20417,2
12465,58016,2
12527,17290,2
12569,13834,2
12618,44652,2
12634,58925,2
12642,42573,2
12731,48174,2
12735,46746,2
12768,54730,2
12794,56073,2
12807,52870,2
12814,14492,2
12822,40185,2
12823,35643,2
12823,62810,2
12869,20,2
12901,4249,2
12909,11135,2
12919,2101,2
12937,15092,2
12987,38801,2
13007,6826,2
13014,17599,2
13025,8656,2
13035,57144,2
13041,38410,2
13108,7422,2
13132,39664,2
13174,61841,2
13178,54302,2
13179,47915,2
13277,33529,2
13300,62217,2
13307,33727,2
13310,40487,2
13336,16646,2
13336,49652,2
13341,30897,2
13364,53415,2
13426,50388,2
13431,56422,2
13448,28119,2
13468,24003,2
13478,24776,2
13545,41840,2
13615,7848,2
13682,12664,2
13682,52225,2
13692,13382,2
13697,38749,2
13699,57774,2
13737,32773,2
13815,33088,2
13816,20379,2
13837,26974,2
13846,18434,2
13900,4459,2
13902,2316,2
13902,21804,2
13927,40171,2
13932,17411,2
13944,21913,2
13947,40755,2
13949,35667,2
13967,7555,2
13985,52902,2
14049,50250,2
14080,19641,2
14084,22400,2
14088,27004,2
14105,46263,2
14115,2785,2
14125,55783,2
14133,22957,2
14133,31178,2
14133,60654,2
14154,58231,2
14183,7721,2
14193,4275,2
14196,43747,2
14221,15210,2
14244,54434,2
14279,39288,2
14284,4191,2
14306,38829,2
14312,54383,2
14322,58289,2
14323,62070,2
14344,15095,2
14365,59010,2
14435,3655,2
14471,60859,2
14489,53341,2
14527,33826,2
14565,3571,2
14565,59018,2
14643,39634,2
14703,24849,2
14765,40975,2
14786,39586,2
14790,49961,2
14830,15885,2
14860,17469,2
14902,35204,2
14902,51969,2
14967,61488,2
14970,26594,2
14971,63014,2
14973,54097,2
15020,26015,2
15023,33550,2
15042,34967,2
15058,54024,2
15067,13507,2
15116,33721,2
15124,17181,2
15172,32030,2
15215,41333,2
15242,1167,2
15242,41754,2
15268,20461,2
15277,8570,2
15359,37555,2
15379,38639,2
15389,54839,2
15449,23455,2
15452,27565,2
15475,34596,2
15523,38367,2
15569,42123,2
15589,31150,2
15605,48569,2
15631,6905,2
15646,9767,2
15654,29474,2
15674,14410,2
15692,50534,2
15717,1664,2
15717,42565,2
15718,47666,2
15740,6975,2
15807,50879,2
15834,23927,2
15847,29991,2
15848,53901,2
15886,11386,2
15911,3980,2
15915,17760,2
15924,39055,2
15929,24560,2
15938,39291,2
15958,59798,2
15963,26511,2
16030,59790,2
16051,41860,2
16062,60006,2
16070,7988,2
16084,29300,2
16120,43221,2
16162,45582,2
16166,17997,2
16166,32359,2
16176,26954,2
16206,10534,2
16235,39673,2
16249,48416,2
16261,55255,2
16335,11822,2
16345,19473,2
16348,54064,2
16378,27741,2
16381,46342,2
16387,44776,2
16422,28587,2
16422,59604,2
16425,14401,2
16451,41231,2
16460,46580,2
16470,14103,2
16486,14177,2
16548,18834,2
16553,30769,2
16554,47128,2
16626,40215,2
16656,35488,2
16710,6664,2
16818,42397,2
16823,3561,2
16866,27354,2
16870,57765,2
16880,22133,2
16905,55309,2
16911,8040,2
16916,62958,2
16985,1127,2
17017,8747,2
17017,33893,2
17031,15249,2
17050,57871,2
17068,3159,2
17088,21989,2
17102,57896,2
17122,57271,2
17148,51341,2
17159,59469,2
17212,21280,2
17217,13790,2
17242,59244,2
17259,63120,2
17266,50947,2
17273,49374,2
17302,44667,2
17309,63088,2
17350,33667,2
17364,27306,2
17391,28873,2
17419,25180,2
17427,26742,2
17437,31998,2
17463,4992,2
17524,56681,2
17552,21598,2
17577,20997,2
17601,42345,2
17610,52496,2
17617,11173,2
17639,62121,2
17660,16682,2
17726,48704,2
17730,208,2
17737,10320,2
17764,51728,2
17770,40250,2
17775,12845,2
17821,4042,2
17827,3720,2
17855,22877,2
17883,49104,2
17902,2309,2
17933,63261,2
17942,36680,2
17949,36479,2
17979,8435,2
18005,3183,2
18089,4615,2
18105,31561,2
18115,11791,2
18144,26871,2
18162,55427,2
18230,27541,2
18264,38900,2
18270,40257,2
18282,22576,2
18301,10580,2
18321,9808,2
18346,53506,2
18359,58236,2
18373,39536,2
18428,39171,2
18429,38309,2
18461,59942,2
18498,15891,2
18572,48272,2
18595,59075,2
18652,17982,2
18772,32315,2
18778,16523,2
18828,6893,2
18831,9868,2
18875,46323,2
18886,54131,2
18911,17305,2
18970,62368,2
19023,29311,2
19024,55022,2
19028,29698,2
19074,54021,2
19087,23769,2
19091,19957,2
19094,33684,2
19129,12774,2
19235,46535,2
19239,55415,2
19241,13731,2
19245,24251,2
19250,47034,2
19282,48411,2
19371,27802,2
19371,58225,2
19392,37949,2
19395,59290,2
19405,19126,2
19444,26349,2
19466,52387,2
19475,40551,2
19528,41100,2
19615,11555,2
19621,31249,2
19621,51010,2
19632,53907,2
19639,39254,2
19650,9008,2
19661,42480,2
19683,47771,2
19689,20216,2
19691,37446,2
19698,50665,2
19786,17494,2
19803,17487,2
19835,36280,2
19836,28835,2
19845,57167,2
19930,58833,2
19931,14200,2
19944,36965,2
19951,30731,2
19974,30734,2
19984,15471,2
19984,22675,2
20065,46629,2
20073,24015,2
20096,16653,2
20147,14295,2
20177,63296,2
20231,18677,2
20237,29035,2
20265,61855,2
20275,18917,2
20278,47561,2
20323,10518,2
20331,1700,2
20362,6324,2
20402,45988,2
20413,27946,2
20419,26151,2
20442,31026,2
20479,34293,2
20504,20982,2
20521,57510,2
20555,32993,2
20582,40783,2
20591,53679,2
20594,23834,2
20594,36888,2
20594,52356,2
20612,51985,2
20622,24351,2
20631,34336,2
20633,41849,2
20643,38249,2
20644,6001,2
20683,15421,2
20722,6719,2
20730,41931,2
20795,23400,2
20806,386,2
20855,12562,2
20877,21955,2
20877,41293,2
20880,61651,2
20956,35901,2
20959,38864,2
20978,5315,2
20979,48375,2
20994,51902,2
21035,48171,2
21049,51256,2
21070,5316,2
21074,38923,2
21095,1596,2
21143,55195,2
21161,42055,2
21193,48114,2
21196,46619,2
21197,1433,2
21264,43012,2
21280,39948,2
21284,39320,2
21333,21569,2
21495,31984,2
21520,15141,2
21524,37222,2
21548,49387,2
21612,16735,2
21624,102,2
21628,52156,2
21640,20637,2
21646,53624,2
21658,29165,2
21685,41181,2
21721,54514,2
21740,62398,2
21750,36999,2
21760,43566,2
21768,20057,2
21770,6544,2
21812,2939,2
21852,17871,2
21897,584,2
21900,15912,2
21918,2631,2
21931,47349,2
21957,54140,2
21961,17887,2
21971,39993,2
22040,53524,2
22057,11463,2
22113,30148,2
22117,24097,2
22133,44235,2
22145,38815,2
22164,54843,2
22166,41492,2
22175,11333,2
22181,8716,2
22211,3604,2
22243,22571,2
22286,48692,2
22330,2565,2
22354,22511,2
22355,14377,2
22423,57750,2
22426,17094,2
22445,53703,2
22464,20064,2
22509,23763,2
22533,23311,2
22565,49948,2
22579,48769,2
22600,60426,2
22630,53916,2
22730,11806,2
22747,11078,2
22754,24662,2
22799,62111,2
22803,8714,2
22803,12515,2
22803,61946,2
22853,61106,2
22869,56044,2
22927,26636,2
22942,4855,2
22978,18806,2
23021,14853,2
23037,40444,2
23052,50911,2
23073,1611,2
23074,39593,2
23125,16090,2
23136,16516,2
23141,11289,2
23141,45553,2
23147,61572,2
23194,55273,2
23219,40233,2
23229,41775,2
23232,31221,2
23244,38499,2
23276,39753,2
23291,13606,2
23326,9732,2
23338,16627,2
23351,47703,2
23420,33840,2
23486,14688,2
23493,37453,2
23502,1998,2
23536,36807,2
23575,31270,2
23576,56975,2
23589,877,2
23592,53578,2
23608,17070,2
23608,44621,2
23620,60677,2
23636,8183,2
23646,48443,2
23734,11692,2
23892,4775,2
23900,56639,2
23907,4616,2
23917,6103,2
23944,5365,2
23968,3226,2
23980,15039,2
24019,38557,2
24040,5151,2
24050,58212,2
24066,36670,2
24074,32369,2
24092,22082,2
24100,16557,2
24103,15972,2
24217,63289,2
24234,19859,2
24264,23194,2
24322,36790,2
24322,40068,2
24325,61818,2
24329,203,2
24373,49380,2
24384,61579,2
24408,14148,2
24417,19851,2
24448,44628,2
24454,1951,2
24463,37026,2
24463,53132,2
24526,6715,2
24556,31062,2
24573,42358,2
24600,31525,2
24623,47397,2
24637,46738,2
24655,61974,2
24679,3143,2
24679,59237,2
24691,14712,2
24693,22542,2
24712,16685,2
24715,2544,2
24743,26643,2
24761,27949,2
24797,21935,2
24842,16340,2
24843,19561,2
24892,46293,2
24899,12715,2
24901,40690,2
24914,18749,2
24916,19835,2
24943,25890,2
24959,62087,2
25024,61283,2
25025,3869,2
25030,4939,2
25046,49507,2
25086,59347,2
25087,52410,2
25093,47788,2
25141,38593,2
25158,42975,2
25173,28126,2
25177,47729,2
25188,7901,2
25221,49859,2
25261,1732,2
25288,44091,2
25302,61990,2
25313,393,2
25322,10572,2
25360,15890,2
25395,15128,2
25419,23798,2
25455,35176,2
25468,13255,2
25503,9111,2
25503,49778,2
25543,44025,2
25545,30562,2
25552,22349,2
25571,60554,2
25646,39543,2
25648,49964,2
25686,27215,2
25696,54445,2
25702,59757,2
25703,54463,2
25710,58796,2
25764,27857,2
25838,53393,2
25843,56415,2
25857,46605,2
25858,60045,2
25864,32338,2
25910,36017,2
25929,52216,2
25939,50434,2
25966,8276,2
26005,17727,2
26008,1337,2
26070,30085,2
26073,16355,2
26093,36,2
26107,44846,2
26127,13163,2
26131,61177,2
26139,38034,2
26158,12314,2
26173,25980,2
26225,51290,2
26227,16308,2
26228,58755,2
26229,34511,2
26253,62663,2
26274,44009,2
26302,2238,2
26302,41284,2
26313,62461,2
26378,62989,2
26433,48498,2
26478,21142,2
26521,36346,2
26535,6642,2
26570,33723,2
26594,3218,2
26622,62420,2
26632,47162,2
26633,16471,2
26662,59553,2
26710,53028,2
26764,32291,2
26804,61084,2
26808,41735,2
26820,30563,2
26829,61497,2
26838,7806,2
26866,26751,2
26914,32557,2
26929,10934,2
26934,34518,2
26935,40955,2
26950,22914,2
27001,38360,2
27052,40370,2
27110,32505,2
27111,47392,2
27146,41730,2
27167,51094,2
27172,57526,2
27204,53479,2
27218,14101,2
27253,31044,2
27254,31370,2
27285,2465,2
27340,10211,2
27374,52306,2
27376,22976,2
27376,62658,2
27386,20725,2
27389,54674,2
27406,43457,2
27408,40636,2
27414,972,2
27440,35178,2
27457,4491,2
27480,2963,2
27483,17028,2
27515,55462,2
27527,14029,2
27555,30127,2
27558,21621,2
27630,57762,2
27642,55173,2
27667,12074,2
27738,18578,2
27747,24378,2
27785,8209,2
27790,1277,2
27820,62604,2
27827,15719,2
27888,16590,2
27895,33483,2
27916,47982,2
27919,56053,2
27921,34664,2
28010,61417,2
28064,37922,2
28074,60898,2
28119,6935,2
28139,53969,2
28146,62171,2
28255,14337,2
28272,31951,2
28278,15830,2
28288,42138,2
28306,19627,2
28323,51201,2
28332,39839,2
28402,61851,2
28429,1709,2
28445,34502,2
28497,42999,2
28515,30846,2
28562,59030,2
28567,35058,2
28579,61832,2
28662,43225,2
28664,25930,2
28692,54038,2
28707,9748,2
28708,15459,2
28722,33351,2
28753,42655,2
28757,59981,2
28775,22464,2
28778,59807,2
28799,30310,2
28811,4574,2
28812,9489,2
28812,19573,2
28854,46301,2
28919,42946,2
28948,50664,2
29007,24567,2
29039,3149,2
29126,30939,2
29129,45771,2
29185,13258,2
29246,55679,2
29268,40847,2
29285,53681,2
29308,51172,2
29332,23625,2
29364,42263,2
29364,47534,2
29406,26877,2
29426,18836,2
29428,47143,2
29461,21067,2
29462,55550,2
29542,36265,2
29665,5308,2
29692,48380,2
29736,59882,2
29791,33024,2
29826,16978,2
29830,39961,2
29836,20741,2
29884,55738,2
29895,12237,2
29930,24307,2
29935,2486,2
29958,61641,2
29973,9253,2
29982,12787,2
30014,17621,2
30079,44682,2
30083,7054,2
30103,4759,2
30112,50618,2
30127,35652,2
30252,43480,2
30264,15387,2
30274,23283,2
30277,9531,2
30286,58546,2
30311,62329,2
30359,33370,2
30362,34867,2
30371,16989,2
30433,23531,2
30501,9520,2
30511,23007,2
30511,54644,2
30517,39986,2
30543,856,2
30551,12217,2
30577,12392,2
30581,26312,2
30610,31627,2
30648,13732,2
30697,12586,2
30709,61098,2
30744,27662,2
30771,39324,2
30774,34688,2
30822,58688,2
30851,16171,2
30865,13784,2
30885,7246,2
30895,37346,2
30963,14219,2
30973,42376,2
31036,48406,2
31072,48471,2
31077,14214,2
31095,47943,2
31130,34652,2
31134,26345,2
31137,34545,2
31153,35292,2
31197,25697,2
31224,44908,2
31237,49464,2
31245,1084,2
31315,47249,2
31352,46191,2
31361,24884,2
31377,49834,2
31387,37107,2
31393,51555,2
31487,29027,2
31520,20954,2
31528,11295,2
31537,6444,2
31576,60850,2
31615,8395,2
31631,59720,2
31665,6221,2
31700,49704,2
31706,36128,2
31709,59124,2
31742,7801,2
31750,32847,2
31794,34062,2
31795,44350,2
31844,5,2
31852,2228,2
31863,14787,2
31865,39394,2
31879,33824,2
31931,25297,2
31931,47890,2
31940,62991,2
31958,24797,2
31982,5972,2
32051,12152,2
32066,56799,2
32092,30597,2
32158,29381,2
32169,34742,2
32190,63184,2
32215,19070,2
32233,49065,2
32297,2115,2
32358,27847,2
32404,55376,2
32452,29063,2
32456,35985,2
32484,14583,2
32494,37722,2
32517,43349,2
32540,17296,2
32549,27941,2
32564,43609,2
32575,15940,2
32611,37814,2
32673,56277,2
32707,60207,2
32708,47533,2
32716,27478,2
32731,21514,2
32741,28572,2
32749,15526,2
32756,32043,2
32808,63148,2
32822,52360,2
32825,7406,2
32841,58053,2
32853,24383,2
32860,46170,2
32872,24772,2
32883,7021,2
32890,15968,2
32904,12306,2
32937,33993,2
32968,32399,2
32999,21227,2
33011,2147,2
33013,17639,2
33022,15979,2
33082,59836,2
33084,50313,2
33106,22689,2
33127,42864,2
33153,49529,2
33162,51269,2
33171,3056,2
33212,32273,2
33245,58437,2
33278,19874,2
33299,45504,2
33306,5103,2
33312,26789,2
33315,37098,2
33316,61740,2
33358,24558,2
33396,5711,2
33396,29307,2
33441,54657,2
33445,5693,2
33481,10915,2
33505,28190,2
33525,23906,2
33525,48219,2
33528,28028,2
33529,8582,2
33535,6194,2
33543,2491,2
33562,35712,2
33583,19296,2
33587,60335,2
33593,26373,2
33595,42456,2
33596,57276,2
33642,60543,2
33655,54094,2
33683,45357,2
33709,12904,2
33711,54192,2
33726,43985,2
33740,11412,2
33755,34038,2
33814,21317,2
33818,32850,2
33851,43099,2
33886,55563,2
33904,40638,2
33940,33275,2
33975,586,2
33975,2624,2
33983,8505,2
34000,57273,2
34013,899,2
34026,55280,2
34050,45354,2
34122,45460,2
34142,42773,2
34165,4538,2
34208,41942,2
34252,55695,2
34259,62373,2
34324,31813,2
34396,8006,2
34428,8765,2
34456,38119,2
34460,19363,2
34476,1208,2
34479,43032,2
34483,31095,2
34504,53777,2
34513,37120,2
34538,53568,2
34550,13275,2
34570,9558,2
34617,7168,2
34624,14600,2
34639,10251,2
34658,14543,2
34674,62460,2
34679,25965,2
34718,52035,2
34769,2054,2
34781,8254,2
34800,16396,2
34813,62518,2
34889,39926,2
34909,49814,2
34919,17365,2
34982,21248,2
35036,42780,2
35038,50413,2
35137,58349,2
35141,9424,2
35169,18911,2
35202,13372,2
35214,50514,2
35280,58716,2
35290,53180,2
35331,60107,2
35346,21422,2
35438,25361,2
35440,29633,2
35463,34686,2
35519,28063,2
35532,51662,2
35536,562,2
35540,3356,2
35547,28442,2
35570,30879,2
35648,11282,2
35664,6056,2
35666,22229,2
35731,48177,2
35741,554,2
35815,47966,2
35843,13482,2
35867,560,2
35867,4412,2
35874,37311,2
35877,17263,2
35898,37679,2
35983,35236,2
35986,26613,2
35990,26461,2
36008,51641,2
36052,22165,2
36064,6946,2
36079,34207,2
36105,27597,2
36217,12397,2
36220,8509,2
36254,28226,2
36304,40786,2
36320,41234,2
36386,54614,2
36388,21438,2
36432,3876,2
36499,4192,2
36499,9402,2
36512,24685,2
36522,29842,2
36558,26421,2
36559,35219,2
36563,51209,2
36577,39643,2
36600,3081,2
36613,52527,2
36634,38725,2
36687,6733,2
36713,22456,2
36734,37564,2
36754,21155,2
36755,38993,2
36759,1960,2
36759,56980,2
36788,8931,2
36911,43838,2
36933,10010,2
36935,25348,2
36962,60390,2
36963,8616,2
36980,11443,2
36981,34493,2
37127,5272,2
37134,54399,2
37143,39600,2
37153,45412,2
37177,38941,2
37186,17415,2
37190,45829,2
37192,24927,2
37198,13556,2
37228,12541,2
37231,44098,2
37317,29440,2
37317,57380,2
37333,38136,2
37352,43871,2
37365,49598,2
37391,16697,2
37392,18977,2
37400,15647,2
68701,28701,2
71495,31495,2
82993,42993,2
25,13682,1
32,28640,1
43,18089,1
56,44480,1
73,51482,1
144,8879,1
146,13982,1
146,28101,1
150,16830,1
169,17329,1
171,32102,1
193,21091,1
215,59388,1
221,16122,1
226,56250,1
247,36028,1
256,7884,1
264,16559,1
268,47798,1
274,62586,1
281,59064,1
297,35454,1
298,43874,1
299,59982,1
331,50034,1
350,54096,1
358,23055,1
367,10489,1
369,48893,1
373,16850,1
379,29771,1
411,25737,1
444,16362,1
447,9262,1
447,42245,1
462,47576,1
464,60430,1
467,37033,1
470,38837,1
481,36353,1
481,62960,1
482,58611,1
489,10932,1
496,32111,1
496,38011,1
515,19012,1
521,58402,1
585,60613,1
588,19277,1
589,7771,1
599,1844,1
630,55062,1
635,10382,1
648,5731,1
661,3027,1
675,46161,1
682,10663,1
729,20851,1
745,23078,1
757,19496,1
768,40494,1
785,33110,1
786,51517,1
786,62127,1
803,24299,1
817,42079,1
838,57741,1
847,17414,1
857,4655,1
859,465,1
866,26060,1
884,27012,1
901,35778,1
903,26992,1
914,35964,1
915,28643,1
916,12119,1
924,43544,1
931,22939,1
940,40099,1
945,45316,1
958,9358,1
972,36559,1
972,53665,1
975,1514,1
989,32650,1
992,34880,1
1008,2838,1
1010,28895,1
1014,40822,1
1025,2442,1
1029,32885,1
1054,25648,1
1055,25146,1
1055,32954,1
1061,55594,1
1062,988,1
1065,17498,1
1065,48621,1
1070,32717,1
1092,56983,1
1095,58118,1
1114,14406,1
1132,45879,1
1148,47854,1
1160,33165,1
1162,41652,1
1169,51100,1
1193,19145,1
1225,46807,1
1237,46336,1
1240,40482,1
1240,42191,1
1246,14529,1
1255,27674,1
1277,61635,1
1292,17762,1
1292,36136,1
1294,56152,1
1314,58374,1
1332,40463,1
1368,54117,1
1392,48553,1
1419,491,1
1426,3907,1
1432,17558,1
1439,17221,1
1466,27205,1
1471,24026,1
1483,538,1
1490,7718,1
1498,31679,1
1508,15553,1
1524,2875,1
1525,22643,1
1544,9360,1
1550,43713,1
1580,8088,1
1580,32897,1
1591,22410,1
1605,41973,1
1607,27689,1
1616,62578,1
1627,58960,1
1634,11982,1
1643,25295,1
1662,4424,1
1667,8321,1
1697,56781,1
1701,47704,1
1733,32441,1
1742,41629,1
1744,28874,1
1775,55400,1
1775,61966,1
1790,42427,1
1836,6361,1
1842,36722,1
1851,44280,1
1857,16275,1
1859,43563,1
1887,30679,1
1889,41690,1
1931,21488,1
1939,5516,1
1945,30366,1
1947,38520,1
1948,5543,1
1950,59422,1
1960,36302,1
1976,17713,1
1979,27296,1
1980,43547,1
1986,8353,1
1986,50678,1
2017,27234,1
2028,36259,1
2049,45465,1
2059,41704,1
2069,22233,1
2072,3241,1
2076,52117,1
2077,1966,1
2087,18678,1
2097,2012,1
2097,36139,1
2127,20897,1
2129,31328,1
2159,9061,1
2184,58206,1
2190,10133,1
2225,4064,1
2226,22016,1
2232,21380,1
2235,1404,1
2255,3146,1
2262,58903,1
2270,48946,1
2306,32357,1
2351,42028,1
2377,47987,1
2384,48225,1
2394,4591,1
2402,10895,1
2412,52460,1
2415,51932,1
2418,16212,1
2423,30224,1
2436,46015,1
2449,54805,1
2472,40467,1
2475,30564,1
2485,53282,1
2486,57808,1
2519,35109,1
2525,6408,1
2531,57665,1
2535,39604,1
2574,13659,1
2577,46815,1
2579,62244,1
2605,34375,1
2643,4070,1
2643,27174,1
2645,31743,1
2649,61412,1
2651,58682,1
2663,41368,1
2665,25035,1
2668,20881,1
2708,13837,1
2712,12668,1
2714,47784,1
2720,29261,1
2740,9446,1
2742,38638,1
2758,3816,1
2770,21169,1
2774,23529,1
2779,30479,1
2800,39709,1
2804,12733,1
2818,53000,1
2819,4772,1
2837,61489,1
2867,33726,1
2877,60285,1
2880,60467,1
2888,62638,1
2904,33335,1
2915,34826,1
2932,54421,1
2933,4353,1
2936,48199,1
2959,61798,1
2961,51997,1
2966,52601,1
2969,2644,1
2982,34180,1
2997,19619,1
3003,24754,1
3017,15278,1
3020,38380,1
3029,21195,1
3044,42797,1
3061,46256,1
3067,32162,1
3075,7760,1
3100,6081,1
3103,39382,1
3151,44214,1
3152,42856,1
3155,52326,1
3170,50386,1
3186,57,1
3187,59767,1
3192,34892,1
3217,52342,1
3229,47030,1
3233,11606,1
3235,38554,1
3245,12573,1
3248,29214,1
3264,34338,1
3277,16144,1
3282,18616,1
3290,22641,1
3324,27792,1
3325,21582,1
3325,61308,1
3329,5916,1
3331,56063,1
3343,31042,1
3347,58588,1
3369,23852,1
3370,31547,1
3373,54423,1
3381,99,1
3409,26321,1
3413,51454,1
3416,10719,1
3429,24374,1
3432,4011,1
3467,49284,1
3467,56247,1
3477,60269,1
3483,21254,1
3501,42522,1
3504,9317,1
3508,1715,1
3510,1130,1
3510,18631,1
3515,37730,1
3532,28386,1
3536,7191,1
3538,3785,1
3581,54375,1
3599,36889,1
3608,39685,1
3650,35954,1
3657,11574,1
3694,54766,1
3700,16692,1
3700,57182,1
3707,40155,1
3711,308,1
3712,8991,1
3769,9601,1
3769,34119,1
3783,32253,1
3791,46777,1
3792,26051,1
3796,9608,1
3821,11379,1
3831,63213,1
3836,47871,1
3845,4724,1
3866,21515,1
3867,51781,1
3875,22167,1
3877,1978,1
3882,49996,1
3891,11864,1
3892,29893,1
3902,18502,1
3907,14807,1
3907,46656,1
3908,61360,1
3916,25881,1
3916,43082,1
3924,44714,1
3960,29182,1
3974,11503,1
3977,14119,1
3983,34089,1
3989,21708,1
3992,55109,1
4013,49183,1
4029,10213,1
4030,16654,1
4030,20663,1
4034,25657,1
4041,38214,1
4046,40653,1
4074,60435,1
4101,57641,1
4119,33092,1
4130,15881,1
4157,17840,1
4162,49229,1
4167,3641,1
4183,6455,1
4205,18390,1
4217,49406,1
4221,50972,1
4230,3332,1
4236,43658,1
4238,21936,1
4259,52123,1
4260,29373,1
4260,33812,1
4274,32530,1
4276,37672,1
4286,42030,1
4292,50099,1
4312,54821,1
4319,47108,1
4324,62848,1
4330,24207,1
4337,31765,1
4356,62149,1
4381,41325,1
4386,43541,1
4392,33044,1
4413,9201,1
4433,47368,1
4436,15577,1
4444,7393,1
4458,2157,1
4461,26114,1
4466,29290,1
4474,54770,1
4476,50570,1
4489,25690,1
4493,9613,1
4500,14957,1
4517,42111,1
4534,4562,1
4540,39808,1
4540,41421,1
4541,44434,1
4544,22435,1
4558,62209,1
4564,13442,1
4564,18463,1
4569,59093,1
4572,23076,1
4593,15856,1
4607,51858,1
4608,29312,1
4627,20093,1
4636,50870,1
4641,4542,1
4642,35044,1
4657,19765,1
4658,54588,1
4663,29202,1
4669,15159,1
4678,42619,1
4692,41889,1
4707,57435,1
4716,50603,1
4720,20133,1
4727,13504,1
4738,40454,1
4746,17879,1
4760,46313,1
4762,6812,1
4766,17944,1
4772,19487,1
4791,40671,1
4792,40168,1
4797,59677,1
4801,22792,1
4814,52927,1
4821,37997,1
4823,40070,1
4830,4409,1
4833,63288,1
4836,38915,1
4852,34821,1
4858,33251,1
4858,61184,1
4874,2564,1
4875,33722,1
4885,6978,1
4891,10046,1
4900,45538,1
4911,32684,1
4915,23982,1
4916,62882,1
4936,27717,1
4957,15953,1
4957,54955,1
4964,37000,1
4985,35032,1
4990,29348,1
4994,29651,1
5006,49551,1
5020,10557,1
5052,917,1
5058,60887,1
5062,37995,1
5063,19748,1
5067,8860,1
5071,24606,1
5074,50264,1
5079,58625,1
5087,15926,1
5088,55979,1
5125,12777,1
5129,345,1
5130,6045,1
5149,54429,1
5160,27333,1
5180,12032,1
5190,52995,1
5191,52638,1
5195,12944,1
5210,24840,1
5234,48644,1
5244,2408,1
5278,24188,1
5313,13616,1
5316,7577,1
5319,21255,1
5322,42366,1
5328,15853,1
5330,53106,1
5335,30369,1
5344,2485,1
5351,23265,1
5361,1854,1
5366,59868,1
5370,18267,1
5403,39188,1
5404,25032,1
5433,37938,1
5435,26247,1
5436,12577,1
5437,57398,1
5450,33290,1
5450,47736,1
5469,24155,1
5503,42871,1
5511,19399,1
5539,15265,1
5542,46946,1
5552,50805,1
5555,13476,1
5563,54965,1
5600,58864,1
5603,21609,1
5606,57161,1
5611,16876,1
5616,14375,1
5644,6849,1
5647,1634,1
5653,42038,1
5664,5541,1
5670,30839,1
5686,30661,1
5692,6278,1
5693,61546,1
5705,28262,1
5713,53173,1
5723,43657,1
5739,52492,1
5746,1234,1
5750,63090,1
5768,23792,1
5780,39386,1
5797,23414,1
5799,46855,1
5808,53276,1
5813,21823,1
5814,904,1
5818,60590,1
5825,36911,1
5838,46493,1
5839,29988,1
5841,23717,1
5850,47015,1
5865,56534,1
5876,51435,1
5889,35417,1
5893,2399,1
5895,4568,1
5901,3662,1
5901,34576,1
5901,38417,1
5941,21778,1
5945,5065,1
5969,39310,1
5975,7273,1
5976,61905,1
6001,55909,1
6002,20377,1
6002,56192,1
6017,22070,1
6017,26108,1
6030,54462,1
6036,5197,1
6062,45484,1
6081,8720,1
6102,57702,1
6132,18147,1
6134,50588,1
6139,3569,1
6169,4701,1
6181,41503,1
6186,9584,1
6186,52217,1
6189,2184,1
6190,50641,1
6206,52760,1
6213,16054,1
6227,16485,1
6241,61458,1
6253,16926,1
6273,15116,1
6282,2333,1
6293,39266,1
6303,44203,1
6306,10476,1
6307,21562,1
6313,3819,1
6319,51152,1
6323,60040,1
6340,42337,1
6343,21572,1
6347,9332,1
6356,152,1
6363,56548,1
6380,3215,1
6406,52130,1
6431,23813,1
6455,34628,1
6465,39298,1
6472,13296,1
6512,40599,1
6526,49103,1
6538,45397,1
6545,58297,1
6548,5650,1
6565,9708,1
6602,41882,1
6617,42788,1
6639,40245,1
6653,56585,1
6654,30067,1
6657,23888,1
6671,57732,1
6682,46211,1
6683,30113,1
6684,46980,1
6693,19025,1
6701,4827,1
6748,33598,1
6763,40819,1
6763,52798,1
6767,33937,1
6773,62907,1
6779,36228,1
6786,18860,1
6800,125,1
6809,35260,1
6831,37081,1
6843,3517,1
6843,11111,1
6857,21960,1
6877,32209,1
6878,15883,1
6880,17279,1
6884,57679,1
6889,34819,1
6896,63012,1
6903,5607,1
6906,42434,1
6908,32104,1
6914,55761,1
6949,2661,1
6950,28513,1
6955,37588,1
6966,7342,1
6982,48710,1
6986,57539,1
6988,37139,1
6993,17252,1
7011,37619,1
7031,10589,1
7072,25413,1
7085,41291,1
7086,61344,1
7088,3740,1
7096,15632,1
7117,1216,1
7153,3385,1
7174,15184,1
7179,11308,1
7179,22681,1
7203,48277,1
7216,59963,1
7217,10435,1
7224,19056,1
7236,7268,1
7253,15723,1
7261,5634,1
7265,35913,1
7301,62064,1
7310,20598,1
7334,17612,1
7344,55320,1
7369,26761,1
7374,10063,1
7376,206,1
7387,8832,1
7396,38361,1
7408,19467,1
7409,7068,1
7414,58008,1
7426,8719,1
7437,22759,1
7439,27166,1
7459,58404,1
7501,36008,1
7502,22885,1
7509,24139,1
7514,38267,1
7514,53465,1
7534,13399,1
7568,5233,1
7569,20957,1
7570,938,1
7595,29122,1
7604,22305,1
7608,48653,1
7682,4179,1
7695,12712,1
7701,39110,1
7726,57809,1
7729,30635,1
7770,13200,1
7773,29510,1
7775,60276,1
7778,38157,1
7782,32892,1
7800,56027,1
7808,14718,1
7816,26547,1
7820,26294,1
7834,37521,1
7846,11705,1
7864,19714,1
7867,11844,1
7877,11313,1
7879,3325,1
7949,12136,1
7969,30314,1
7992,13546,1
8013,22321,1
8031,47730,1
8036,39477,1
8045,10949,1
8048,15736,1
8048,34713,1
8051,40954,1
8053,21959,1
8068,42708,1
8081,35627,1
8098,50827,1
8108,15917,1
8112,42178,1
8117,35095,1
8124,5235,1
8150,18129,1
8162,15059,1
8179,1029,1
8184,47618,1
8196,7148,1
8206,5327,1
8222,24005,1
8234,47668,1
8238,7471,1
8243,39256,1
8249,55784,1
8251,36328,1
8276,26314,1
8280,31514,1
8282,11434,1
8294,25792,1
8299,8018,1
8307,59869,1
8322,47630,1
8335,47024,1
8348,55910,1
8388,42995,1
8389,31860,1
8440,41164,1
8446,7065,1
8449,47194,1
8454,56700,1
8463,32061,1
8477,34574,1
8482,7003,1
8490,53603,1
8494,40874,1
8495,9386,1
8495,20347,1
8499,847,1
8514,8989,1
8514,32329,1
8548,30742,1
8558,1355,1
8569,39427,1
8573,10504,1
8574,4348,1
8583,57401,1
8597,32758,1
8638,25634,1
8642,46728,1
8659,50919,1
8665,41583,1
8671,19866,1
8671,47620,1
8673,33469,1
8686,58768,1
8704,58223,1
8708,59689,1
8712,11384,1
8714,19951,1
8721,33642,1
8731,21394,1
8737,13186,1
8739,11780,1
8742,37288,1
8750,17099,1
8753,52675,1
8768,28670,1
8781,9039,1
8783,54665,1
8803,31166,1
8808,18143,1
8823,23130,1
8829,20747,1
8836,2668,1
8855,43137,1
8858,14431,1
8870,16574,1
8872,11240,1
8911,48429,1
8918,9093,1
8938,21056,1
8947,37410,1
8947,49767,1
8948,19726,1
8951,58141,1
8974,4519,1
8975,1944,1
8988,58991,1
8998,59328,1
9016,44328,1
9029,16337,1
9042,14015,1
9043,62439,1
9044,49212,1
9048,7601,1
9048,34772,1
9050,60624,1
9068,58702,1
9069,275,1
9106,12911,1
9106,43830,1
9119,13858,1
9123,1197,1
9124,56529,1
9170,54640,1
9174,49155,1
9183,59345,1
9190,8071,1
9204,41091,1
9212,48440,1
9214,53055,1
9229,12565,1
9236,27036,1
9241,13913,1
9251,62267,1
9273,36991,1
9276,24214,1
9295,39023,1
9301,9516,1
9306,44159,1
9313,11058,1
9322,45746,1
9370,24169,1
9386,47628,1
9402,10185,1
9411,10147,1
9421,23830,1
9468,12202,1
9474,39380,1
9485,12886,1
9489,23883,1
9491,3070,1
9511,55100,1
9514,54213,1
9515,7647,1
9522,30965,1
9523,61262,1
9528,9118,1
9534,9011,1
9543,17843,1
9544,13,1
9544,58107,1
9555,37805,1
9558,26723,1
9567,21732,1
9573,43995,1
9577,33662,1
9579,46819,1
9583,9580,1
9590,26360,1
9595,29455,1
9621,55165,1
9647,41320,1
9652,36003,1
9714,45467,1
9751,19962,1
9781,57796,1
9784,3020,1
9787,12839,1
9794,39872,1
9804,19293,1
9821,34874,1
9823,32457,1
9848,3774,1
9851,43601,1
9859,3786,1
9859,35689,1
9864,20630,1
9874,40111,1
9875,42160,1
9886,17929,1
9893,47129,1
9897,37215,1
9902,50896,1
9912,10704,1
9918,59828,1
9920,55246,1
9930,61512,1
9931,22841,1
9931,34367,1
9948,35593,1
9970,19417,1
9978,114,1
9979,50959,1
10014,60134,1
10031,24553,1
10035,3113,1
10045,31685,1
10052,62653,1
10061,32448,1
10063,23256,1
10075,10959,1
10082,62016,1
10084,5071,1
10097,52092,1
10113,62598,1
10134,6351,1
10136,56133,1
10145,56299,1
10160,11970,1
10178,59426,1
10183,58529,1
10189,55262,1
10195,16407,1
10206,7759,1
10217,6972,1
10217,7135,1
10236,30652,1
10249,25344,1
10252,28522,1
10252,34467,1
10271,6545,1
10279,15357,1
10304,13017,1
10316,31618,1
10319,22827,1
10327,44561,1
10333,12819,1
10350,16017,1
10364,17276,1
10376,21402,1
10384,35968,1
10389,30056,1
10406,12244,1
10419,299,1
10420,51909,1
10425,37732,1
10432,788,1
10436,34465,1
10451,56354,1
10466,56248,1
10466,60260,1
10498,25715,1
10500,13239,1
10525,13108,1
10538,59630,1
10562,4154,1
10569,49163,1
10573,45101,1
10576,61608,1
10596,33748,1
10597,26484,1
10598,5735,1
10606,63224,1
10622,10420,1
10634,16332,1
10638,30975,1
10642,12008,1
10657,22148,1
10665,20071,1
10681,61849,1
10688,53509,1
10704,7567,1
10706,17016,1
10744,26145,1
10750,52437,1
10756,50754,1
10760,24708,1
10783,23931,1
10787,52984,1
10795,41053,1
10806,7843,1
10818,36773,1
10818,44569,1
10831,40935,1
10841,17863,1
10843,52848,1
10845,61101,1
10846,23518,1
10876,53993,1
10880,5086,1
10886,48554,1
10887,12995,1
10891,25108,1
10899,2938,1
10916,42834,1
10930,25423,1
10965,54420,1
10965,54491,1
10983,39698,1
11010,50338,1
11024,29028,1
11025,36873,1
11025,41270,1
11032,36347,1
11057,19206,1
11073,13279,1
11086,18786,1
11094,51955,1
11107,23580,1
11111,48165,1
11126,51640,1
11142,24657,1
11142,43041,1
11144,63315,1
11152,15549,1
11155,52189,1
11160,20509,1
11174,42539,1
11189,42923,1
11202,31368,1
11207,46148,1
11245,11544,1
11252,25078,1
11259,7283,1
11261,53543,1
11271,53905,1
11282,26418,1
11293,52851,1
11297,31576,1
11300,1731,1
11316,51723,1
11326,62767,1
11345,39732,1
11356,35791,1
11366,12035,1
11374,61102,1
11375,32004,1
11383,32720,1
11384,15348,1
11384,17705,1
11386,48231,1
11388,53738,1
11403,48773,1
11412,2805,1
11412,27922,1
11421,50795,1
11423,58795,1
11431,7097,1
11431,9409,1
11434,19423,1
11442,27342,1
11447,18384,1
11448,3803,1
11448,10272,1
11491,61920,1
11516,36515,1
11531,59527,1
11532,55115,1
11546,13584,1
11557,30929,1
11569,32933,1
11588,26774,1
11614,8252,1
11617,39717,1
11641,14753,1
11643,34440,1
11656,60241,1
11666,54621,1
11669,62240,1
11680,16175,1
11685,32432,1
11716,34426,1
11718,2067,1
11735,642,1
11738,4468,1
11754,144,1
11754,35962,1
11757,22123,1
11772,54521,1
11789,12275,1
11802,13802,1
11802,61506,1
11816,13001,1
11843,55625,1
11851,12860,1
11857,25943,1
11873,29895,1
11876,9814,1
11885,37850,1
11890,52187,1
11893,60196,1
11894,51225,1
11894,55072,1
11927,45362,1
11937,35147,1
11959,9155,1
11961,190,1
11967,20613,1
11973,54814,1
12029,11051,1
12029,26204,1
12034,51769,1
12041,20964,1
12042,31913,1
12058,34223,1
12060,14647,1
12060,30853,1
12078,34760,1
12083,61607,1
12096,25700,1
12109,28100,1
12109,58979,1
12130,19414,1
12153,57499,1
12158,20668,1
12165,14673,1
12170,30977,1
12195,4905,1
12199,21758,1
12199,37159,1
12212,24542,1
12226,54633,1
12232,16283,1
12233,48058,1
12237,56083,1
12244,19140,1
12247,53450,1
12249,29590,1
12258,17084,1
12262,12006,1
12263,27495,1
12282,62234,1
12311,2161,1
12338,41146,1
12341,6030,1
12343,34402,1
12367,22706,1
12381,52576,1
12382,46528,1
12382,53110,1
12395,34013,1
12396,51764,1
12403,9897,1
12404,56412,1
12423,61437,1
12435,46109,1
12437,42723,1
12456,45713,1
12475,49862,1
12506,16544,1
12507,12018,1
12519,49988,1
12545,4198,1
12548,61154,1
12552,55446,1
12620,24342,1
12633,8912,1
12633,49970,1
12641,5797,1
12645,52700,1
12648,7730,1
12663,18562,1
12680,32143,1
12694,45224,1
12694,57993,1
12714,56435,1
12746,4733,1
12746,24871,1
12761,22871,1
12764,16861,1
12773,11213,1
12775,31248,1
12775,49560,1
12785,2057,1
12805,29655,1
12809,39864,1
12823,5566,1
12824,11910,1
12835,33194,1
12836,52074,1
12838,41449,1
12844,46866,1
12856,49828,1
12865,33842,1
12885,30727,1
12889,22880,1
12910,54154,1
12912,62279,1
12925,47057,1
12928,40452,1
12938,43656,1
12942,13248,1
12949,19459,1
12960,28186,1
12969,5177,1
12991,59398,1
12997,35601,1
13004,23812,1
13006,7487,1
13013,53270,1
13017,10286,1
13023,26058,1
13026,6091,1
13037,23922,1
13044,44737,1
13057,1657,1
13064,24815,1
13093,55858,1
13120,50138,1
13124,18433,1
13125,41485,1
13126,40685,1
13129,48844,1
13158,34022,1
13160,9566,1
13170,48726,1
13177,54962,1
13194,52049,1
13195,50912,1
13214,8324,1
13224,39511,1
13224,41601,1
13233,29314,1
13248,41539,1
13250,10859,1
13250,36906,1
13273,63038,1
13284,14970,1
13293,25267,1
13294,45250,1
13297,8546,1
13312,57668,1
13322,45038,1
13331,35895,1
13339,3884,1
13339,33809,1
13346,63245,1
13349,28039,1
13355,14585,1
13368,20342,1
13369,12441,1
13398,49397,1
13398,61982,1
13426,36274,1
13447,4462,1
13460,49304,1
13484,19540,1
13493,3069,1
13496,447,1
13498,2013,1
13504,27122,1
13509,29555,1
13513,14298,1
13514,61709,1
13521,23514,1
13552,42954,1
13557,9282,1
13568,55016,1
13575,60919,1
13591,41007,1
13599,39546,1
13612,6601,1
13621,6236,1
13652,10247,1
13655,25617,1
13670,40106,1
13677,26081,1
13692,18233,1
13693,15160,1
13696,52926,1
13704,28552,1
13712,25239,1
13718,2566,1
13733,24157,1
13744,9207,1
13744,25161,1
13748,5848,1
13758,21310,1
13774,39780,1
13776,13692,1
13781,59098,1
13791,62152,1
13811,6667,1
13814,62854,1
13822,4365,1
13828,35354,1
13854,10879,1
13866,33001,1
13893,21035,1
13903,38938,1
13904,13533,1
13912,12020,1
13918,21848,1
13929,2859,1
13933,27228,1
13934,39791,1
13939,9727,1
13948,39996,1
13956,42795,1
14013,62237,1
14024,1937,1
14024,3140,1
14060,398,1
14065,16896,1
14073,4298,1
14079,10706,1
14087,53374,1
14098,57780,1
14101,60137,1
14111,51477,1
14131,62631,1
14165,15205,1
14167,49262,1
14172,24494,1
14193,33320,1
14219,22160,1
14221,19668,1
14230,28191,1
14247,35596,1
14250,56054,1
14265,17828,1
14274,44699,1
14289,11835,1
14291,3235,1
14306,53063,1
14311,31647,1
14314,14711,1
14323,62144,1
14333,38112,1
14348,9423,1
14388,35747,1
14406,40231,1
14416,45659,1
14419,58843,1
14422,17204,1
14422,22169,1
14449,52689,1
14504,30097,1
14515,2100,1
14527,47524,1
14528,11218,1
14544,29763,1
14562,36517,1
14576,3790,1
14576,62508,1
14577,10062,1
14586,44096,1
14600,59874,1
14619,24800,1
14620,7206,1
14645,48490,1
14661,5106,1
14662,29137,1
14671,15379,1
14688,17359,1
14709,47900,1
14731,43364,1
14734,54930,1
14748,26717,1
14762,24489,1
14767,22378,1
14798,44531,1
14799,39806,1
14806,59886,1
14851,53487,1
14858,26901,1
14863,58417,1
14881,3568,1
14889,28060,1
14892,24064,1
14896,51600,1
14908,52807,1
14925,48191,1
14955,3033,1
14981,39126,1
14994,51794,1
15019,62351,1
15021,36826,1
15023,1590,1
15023,25219,1
15026,34008,1
15033,38636,1
15047,9413,1
15049,14161,1
15083,968,1
15083,52635,1
15085,55047,1
15118,3605,1
15128,15965,1
15141,38625,1
15150,26429,1
15160,25856,1
15186,29250,1
15195,58177,1
15195,60774,1
15220,14995,1
15239,5215,1
15254,4817,1
15266,31020,1
15266,31158,1
15271,25995,1
15278,880,1
15283,20358,1
15289,56532,1
15303,53225,1
15316,61066,1
15340,39547,1
15342,762,1
15349,54169,1
15379,24831,1
15379,41986,1
15383,17549,1
15439,48221,1
15442,27719,1
15449,35202,1
15478,52,1
15486,50986,1
15486,61011,1
15489,12901,1
15498,25394,1
15509,47861,1
15526,14567,1
15544,62352,1
15551,28467,1
15570,58204,1
15580,2640,1
15628,31892,1
15649,33117,1
15650,49610,1
15654,22227,1
15678,13182,1
15678,20047,1
15700,6821,1
15700,10419,1
15716,30541,1
15753,11499,1
15763,38741,1
15802,16361,1
15802,33373,1
15813,45346,1
15838,44690,1
15842,8699,1
15865,25140,1
15896,32258,1
15927,10822,1
15931,62934,1
15934,20586,1
15946,39146,1
15988,37203,1
15990,22419,1
15994,57254,1
16005,41689,1
16008,52226,1
16013,23950,1
16015,50968,1
16017,45833,1
16027,35268,1
16033,32024,1
16054,28304,1
16057,24768,1
16062,571,1
16085,8495,1
16096,10178,1
16098,14021,1
16105,20173,1
16105,53683,1
16116,16266,1
16122,11608,1
16148,6575,1
16157,42053,1
16160,20872,1
16169,16560,1
16169,35532,1
16174,38939,1
16178,16100,1
16201,21679,1
16224,37049,1
16238,31305,1
16247,7999,1
16272,31836,1
16299,10087,1
16314,23380,1
16319,3612,1
16332,41921,1
16333,31610,1
16378,38253,1
16396,32491,1
16401,7989,1
16410,20811,1
16413,35131,1
16438,22212,1
16441,48235,1
16449,12424,1
16449,47866,1
16459,39082,1
16467,46992,1
16469,60759,1
16479,53154,1
16486,61384,1
16493,42672,1
16499,16274,1
16503,56150,1
16527,6633,1
16536,33650,1
16570,56286,1
16586,26567,1
16586,35642,1
16588,24602,1
16589,36319,1
16598,1420,1
16601,27157,1
16616,4133,1
16626,44266,1
16629,38958,1
16630,3885,1
16664,30150,1
16672,46787,1
16693,15540,1
16694,5486,1
16694,26279,1
16720,39035,1
16727,28461,1
16733,52497,1
16734,36080,1
16754,7348,1
16760,49791,1
16768,25220,1
16819,44189,1
16821,25770,1
16845,52589,1
16852,37911,1
16864,10710,1
16875,53065,1
16878,43296,1
16894,13356,1
16894,48929,1
16906,12542,1
16907,4521,1
16915,30406,1
16921,28791,1
16925,31930,1
16926,38251,1
16928,16135,1
16973,44808,1
16981,24492,1
16995,48959,1
17002,56840,1
17007,49398,1
17009,9720,1
17026,3516,1
17027,39768,1
17031,19613,1
17031,40964,1
17033,19227,1
17042,42375,1
17046,49998,1
17067,4665,1
17075,7835,1
17097,52223,1
17101,27191,1
17120,60864,1
17124,31369,1
17143,16052,1
17149,60401,1
17157,19071,1
17169,51718,1
17182,10104,1
17196,56641,1
17201,26689,1
17209,6773,1
17209,15547,1
17224,20233,1
17225,24544,1
17242,22839,1
17243,4503,1
17243,14867,1
17250,9314,1
17253,28455,1
17257,5500,1
17267,27517,1
17275,41077,1
17276,57860,1
17286,34552,1
17288,42753,1
17291,9004,1
17318,8574,1
17341,45706,1
17349,21434,1
17355,46727,1
17355,62138,1
17369,37399,1
17373,39108,1
17387,13492,1
17390,39271,1
17407,27410,1
17428,14239,1
17435,63320,1
17436,54760,1
17441,45449,1
17443,29896,1
17491,32362,1
17528,32821,1
17547,47550,1
17552,34051,1
17557,62084,1
17595,4470,1
17601,14741,1
17611,21116,1
17629,50320,1
17662,55545,1
17667,2303,1
17694,61591,1
17695,33302,1
17720,30477,1
17727,59040,1
17741,17273,1
17746,54011,1
17751,58181,1
17786,61136,1
17805,53005,1
17808,28955,1
17824,20009,1
17835,5402,1
17840,17528,1
17850,1072,1
17882,26946,1
17882,35961,1
17892,62001,1
17914,57388,1
17916,62060,1
17931,43939,1
17933,25384,1
17938,34859,1
17942,23940,1
17969,22469,1
17981,46901,1
17999,61922,1
18010,47369,1
18016,33519,1
18026,47823,1
18074,22002,1
18082,12252,1
18087,44883,1
18092,53613,1
18093,30338,1
18114,28740,1
18136,8096,1
18136,26039,1
18148,3609,1
18156,10470,1
18171,15959,1
18177,24020,1
18191,50248,1
18200,11912,1
18213,1884,1
18235,47611,1
18236,26971,1
18247,50568,1
18248,11813,1
18271,19990,1
18285,48925,1
18303,10417,1
18304,17064,1
18322,41372,1
18357,3522,1
18358,50669,1
18359,38312,1
18369,58544,1
18391,43724,1
18405,16732,1
18408,17817,1
18424,16570,1
18427,53743,1
18435,3535,1
18467,1062,1
18475,11941,1
18481,36943,1
18531,43121,1
18533,26366,1
18538,11652,1
18549,48054,1
18553,30825,1
18587,30395,1
18588,47036,1
18604,17602,1
18612,38623,1
18616,8964,1
18625,12017,1
18626,18026,1
18630,9508,1
18635,42544,1
18641,44721,1
18655,59229,1
18666,22962,1
18675,32774,1
18700,12288,1
18733,4345,1
18761,1685,1
18773,16159,1
18793,9957,1
18797,18612,1
18810,52390,1
18818,25590,1
18820,19980,1
18840,8643,1
18843,41210,1
18846,10422,1
18858,30400,1
18891,7783,1
18915,16785,1
18915,30738,1
18922,46940,1
18941,17027,1
18948,9650,1
18948,52417,1
18953,34249,1
18985,63240,1
19005,26739,1
19031,7299,1
19056,34641,1
19061,21985,1
19064,46175,1
19087,56494,1
19107,39828,1
19114,9160,1
19120,57537,1
19125,62451,1
19140,49870,1
19162,61739,1
19184,43942,1
19190,29942,1
19190,50311,1
19198,23527,1
19198,50524,1
19199,54803,1
19204,12349,1
19209,23258,1
19217,25735,1
19220,27182,1
19245,39346,1
19254,51733,1
19266,15901,1
19274,13344,1
19277,18098,1
19282,4767,1
19366,66,1
19382,58313,1
19402,42361,1
19403,30921,1
19407,10245,1
19440,3555,1
19442,13707,1
19446,46916,1
19457,21450,1
19457,31938,1
19481,4400,1
19483,49700,1
19498,58099,1
19502,33718,1
19517,54783,1
19524,31470,1
19544,47358,1
19555,3477,1
19572,35831,1
19575,41466,1
19585,39354,1
19587,62909,1
19595,30513,1
19596,15855,1
19605,20316,1
19608,8117,1
19620,14498,1
19624,10412,1
19641,38464,1
19645,29760,1
19654,59433,1
19655,35591,1
19661,57126,1
19679,44062,1
19682,3584,1
19682,21252,1
19696,8796,1
19701,24272,1
19702,12890,1
19702,56921,1
19705,13627,1
19714,161,1
19735,35499,1
19774,60743,1
19775,2293,1
19791,4857,1
19809,51701,1
19834,49015,1
19838,5652,1
19853,54278,1
19856,50542,1
19871,60103,1
19933,21854,1
19946,10001,1
19947,3725,1
19991,47251,1
20001,3826,1
20004,61839,1
20009,16233,1
20011,43238,1
20029,51949,1
20038,9938,1
20048,15127,1
20052,12847,1
20052,35457,1
20060,10540,1
20061,34805,1
20071,41875,1
20083,7617,1
20085,32728,1
20094,61478,1
20123,50447,1
20134,26377,1
20139,5511,1
20140,22808,1
20148,38585,1
20158,36237,1
20174,59023,1
20175,41361,1
20208,51731,1
20224,990,1
20226,7937,1
20244,12089,1
20252,25313,1
20263,10421,1
20273,57267,1
20275,62844,1
20282,54655,1
20286,25944,1
20307,58021,1
20322,41663,1
20338,42551,1
20357,15377,1
20357,58296,1
20366,60593,1
20391,26272,1
20395,50173,1
20420,14960,1
20431,50875,1
20433,40936,1
20437,6164,1
20473,9612,1
20477,2402,1
20480,6542,1
20491,9842,1
20491,32260,1
20505,52261,1
20511,35256,1
20514,40201,1
20516,45804,1
20534,27087,1
20534,28942,1
20535,8411,1
20543,4212,1
20549,20675,1
20558,47950,1
20559,45371,1
20586,49578,1
20590,6973,1
20597,22265,1
20607,11961,1
20609,48625,1
20609,58299,1
20616,5794,1
20624,18640,1
20624,32431,1
20635,4091,1
20635,60452,1
20670,8711,1
20671,14006,1
20693,7922,1
20694,12007,1
20700,12708,1
20700,44784,1
20704,49803,1
20704,55768,1
20715,58495,1
20717,26447,1
20721,36247,1
20728,29246,1
20743,29686,1
20743,47624,1
20748,28867,1
20750,49539,1
20754,60434,1
20758,62272,1
20759,30824,1
20766,13825,1
20771,60277,1
20780,52431,1
20794,34324,1
20816,3495,1
20835,37780,1
20858,51927,1
20864,15771,1
20887,35199,1
20890,13962,1
20893,3174,1
20901,59201,1
20934,294,1
20935,58425,1
20943,58804,1
20945,24175,1
20950,9627,1
20960,61140,1
20975,19215,1
20976,33284,1
20979,38697,1
20992,30344,1
21003,3152,1
21019,44555,1
21035,10328,1
21041,22927,1
21049,43732,1
21052,31413,1
21054,43774,1
21066,1184,1
21091,24363,1
21100,12976,1
21111,61595,1
21113,46859,1
21114,33323,1
21115,57888,1
21125,40851,1
21135,46141,1
21138,30374,1
21140,25329,1
21141,24813,1
21143,50910,1
21161,873,1
21181,11372,1
21207,35512,1
21218,37664,1
21232,60822,1
21244,390,1
21259,54149,1
21263,49869,1
21266,27534,1
21273,8633,1
21280,7962,1
21299,2966,1
21309,1340,1
21311,14976,1
21312,9737,1
21340,7547,1
21340,27305,1
21354,49553,1
21361,52506,1
21368,63121,1
21375,12134,1
21376,3148,1
21388,49716,1
21390,58906,1
21394,23213,1
21399,61545,1
21413,60116,1
21433,52439,1
21475,8701,1
21478,5849,1
21484,57954,1
21491,43030,1
21494,14878,1
21499,36410,1
21507,39097,1
21518,30983,1
21524,18105,1
21526,12791,1
21544,4606,1
21549,43007,1
21559,25656,1
21589,56,1
21593,720,1
21600,33303,1
21611,60983,1
21612,62626,1
21619,6048,1
21625,60265,1
21627,52063,1
21643,63007,1
21651,18133,1
21681,28878,1
21688,32007,1
21689,2051,1
21708,5656,1
21719,27464,1
21731,16741,1
21760,30771,1
21789,40026,1
21807,36702,1
21809,61857,1
21822,57919,1
21836,50869,1
21840,14731,1
21840,52569,1
21845,16776,1
21850,5384,1
21856,19567,1
21870,36707,1
21885,51255,1
21917,23650,1
21926,52640,1
21927,12547,1
21952,28297,1
21954,45942,1
21961,41937,1
21966,16860,1
21971,19182,1
21971,26290,1
21974,9026,1
22004,44889,1
22044,51118,1
22067,59217,1
22085,10451,1
22120,17615,1
22122,41467,1
22134,43525,1
22163,15975,1
22182,42586,1
22184,32609,1
22188,11984,1
22204,10975,1
22219,54475,1
22227,10430,1
22227,30247,1
22243,46065,1
22243,48957,1
22244,14111,1
22256,43950,1
22266,15309,1
22280,21580,1
22283,16699,1
22296,56271,1
22307,18865,1
22309,1986,1
22309,51033,1
22344,2552,1
22352,16496,1
22357,34986,1
22370,5968,1
22371,7334,1
22382,49956,1
22384,38432,1
22394,41157,1
22434,42598,1
22479,57209,1
22482,2158,1
22482,52494,1
22494,53546,1
22535,40645,1
22540,44827,1
22541,51855,1
22555,10146,1
22555,28855,1
22560,12456,1
22564,1747,1
22572,38740,1
22583,18456,1
22616,424,1
22621,40651,1
22623,42732,1
22635,15111,1
22661,48119,1
22682,21009,1
22696,49523,1
22699,44594,1
22708,29522,1
22714,5517,1
22752,29691,1
22762,37763,1
22774,55574,1
22787,52096,1
22791,18350,1
22824,25535,1
22824,30507,1
22840,32834,1
22843,28853,1
22845,38987,1
22849,18903,1
22849,45223,1
22852,41837,1
22866,27066,1
22877,51886,1
22880,38062,1
22907,19187,1
22907,19221,1
22907,58157,1
22924,34825,1
22928,9009,1
22930,55711,1
22931,6233,1
22989,10721,1
23000,55002,1
23004,22523,1
23014,39542,1
23019,5049,1
23024,14146,1
23084,7624,1
23097,25828,1
23097,27474,1
23107,59494,1
23128,44250,1
23134,1090,1
23137,55182,1
23149,53319,1
23169,44497,1
23218,48378,1
23227,7708,1
23237,15680,1
23264,58386,1
23270,21951,1
23290,59071,1
23294,34745,1
23304,46400,1
23312,32166,1
23335,25090,1
23340,40621,1
23376,61317,1
23398,12402,1
23407,5631,1
23409,22034,1
23447,57387,1
23457,46413,1
23457,53913,1
23465,41650,1
23513,58566,1
23548,28412,1
23562,57068,1
23572,6314,1
23573,10364,1
23577,33819,1
23584,483,1
23591,61697,1
23602,61598,1
23633,31052,1
23637,38515,1
23671,30823,1
23675,12488,1
23683,50090,1
23704,49157,1
23722,47235,1
23752,3413,1
23771,50866,1
23783,5337,1
23824,3903,1
23828,18114,1
23829,40017,1
23843,35546,1
23844,20605,1
23844,56186,1
23845,18374,1
23848,27759,1
23863,13752,1
23875,23791,1
23885,11370,1
23888,54151,1
23903,59623,1
23906,5953,1
23924,45116,1
23931,55846,1
23934,52967,1
23939,34074,1
23942,30248,1
23953,34348,1
23960,22480,1
23963,1568,1
23967,228,1
23967,45387,1
23976,23143,1
23980,34132,1
23983,16156,1
23989,41483,1
24006,45965,1
24017,56570,1
24018,40971,1
24026,13579,1
24031,24018,1
24033,29960,1
24039,20423,1
24039,27659,1
24068,55487,1
24078,57474,1
24088,9471,1
24106,37502,1
24127,45201,1
24149,9878,1
24154,731,1
24162,16187,1
24175,43170,1
24189,9058,1
24198,56807,1
24209,46135,1
24224,33706,1
24230,14481,1
24230,40585,1
24258,14387,1
24277,58684,1
24282,26752,1
24295,46548,1
24298,7288,1
24308,32808,1
24310,31993,1
24333,11715,1
24339,55548,1
24370,43444,1
24389,31746,1
24414,61130,1
24418,38542,1
24424,53577,1
24441,25470,1
24443,46381,1
24448,24266,1
24459,30465,1
24481,21595,1
24506,33995,1
24506,45307,1
24512,29509,1
24517,57575,1
24518,52013,1
24521,3599,1
24528,33527,1
24530,29853,1
24534,41067,1
24536,26865,1
24541,33889,1
24549,25645,1
24552,31378,1
24621,62114,1
24651,57408,1
24663,27882,1
24671,18704,1
24678,46192,1
24717,57835,1
24738,11106,1
24785,6843,1
24785,49923,1
24790,34637,1
24807,33291,1
24817,17216,1
24846,45514,1
24849,24659,1
24870,21050,1
24872,46469,1
24875,43686,1
24885,36240,1
24900,5039,1
24905,1703,1
24915,63323,1
24921,11546,1
24952,14942,1
24963,18605,1
24965,59312,1
24976,20229,1
24994,48973,1
25025,29168,1
25038,1027,1
25042,9726,1
25042,17731,1
25064,4561,1
25084,35410,1
25108,49757,1
25114,14197,1
25120,30428,1
25143,63047,1
25145,7399,1
25145,42589,1
25171,36645,1
25178,49888,1
25195,3212,1
25199,32192,1
25201,29848,1
25207,52033,1
25211,27055,1
25211,31959,1
25231,35099,1
25240,20783,1
25249,9693,1
25274,2937,1
25277,3184,1
25294,43790,1
25300,59952,1
25301,3942,1
25301,39998,1
25321,37168,1
25336,32519,1
25343,3663,1
25353,1550,1
25365,24946,1
25387,14273,1
25389,33541,1
25400,43848,1
25405,18317,1
25414,11038,1
25418,19646,1
25418,47543,1
25420,57402,1
25440,52728,1
25447,1402,1
25461,650,1
25464,35551,1
25464,35983,1
25484,7181,1
25492,47104,1
25525,30295,1
25532,35807,1
25536,34278,1
25559,59893,1
25574,46874,1
25582,46448,1
25584,18696,1
25586,57135,1
25634,2931,1
25641,14104,1
25653,59410,1
25655,1279,1
25668,3958,1
25677,17588,1
25684,14786,1
25694,45685,1
25696,17998,1
25703,40957,1
25725,12150,1
25735,38600,1
25739,42631,1
25748,42768,1
25763,50385,1
25772,42627,1
25776,48215,1
25780,52763,1
25802,51589,1
25808,61640,1
25813,15668,1
25813,56576,1
25818,36514,1
25831,57214,1
25846,29579,1
25864,10970,1
25864,62727,1
25905,9449,1
25916,62681,1
25917,8937,1
25928,20646,1
25931,26152,1
25965,27231,1
25966,15639,1
25967,60438,1
25977,680,1
25979,58995,1
25990,12086,1
25991,19950,1
26006,55701,1
26016,42943,1
26032,42387,1
26034,8389,1
26067,29755,1
26068,17837,1
26096,1295,1
26100,2475,1
26111,53375,1
26119,24703,1
26126,40751,1
26154,15487,1
26159,62534,1
26169,48939,1
26190,15431,1
26190,49910,1
26190,63071,1
26219,21568,1
26224,21205,1
26236,36701,1
26246,23885,1
26250,24847,1
26250,46750,1
26270,35794,1
26327,33496,1
26335,16786,1
26337,52196,1
26355,33709,1
26368,50387,1
26382,19556,1
26394,59550,1
26398,19003,1
26402,14310,1
26444,45105,1
26455,28903,1
26467,44782,1
26474,45157,1
26484,22753,1
26501,8966,1
26507,20998,1
26508,29039,1
26509,39723,1
26570,55760,1
26588,5894,1
26596,11336,1
26598,868,1
26606,34580,1
26607,60365,1
26618,24030,1
26632,59119,1
26687,37706,1
26688,62000,1
26702,5380,1
26727,13155,1
26738,57745,1
26751,3795,1
26765,38376,1
26781,34201,1
26792,51541,1
26799,41348,1
26830,22391,1
26838,9224,1
26859,20493,1
26873,47692,1
26875,40187,1
26880,59938,1
26881,59752,1
26895,1729,1
26895,38558,1
26917,27839,1
26919,35110,1
26927,47046,1
26929,23291,1
26956,2746,1
26970,45140,1
26974,45438,1
26977,42664,1
26983,9771,1
26983,15834,1
26984,5766,1
26989,58637,1
27028,2396,1
27030,12556,1
27037,19160,1
27052,29653,1
27064,3717,1
27064,18681,1
27081,34042,1
27084,30861,1
27105,23772,1
27110,15803,1
27117,22060,1
27118,33161,1
27118,44893,1
27130,58229,1
27157,17983,1
27185,9993,1
27196,33591,1
27198,51387,1
27226,8427,1
27231,21425,1
27231,57172,1
27239,14315,1
27239,14574,1
27280,10426,1
27283,56522,1
27286,4667,1
27295,3196,1
27333,12015,1
27355,15997,1
27360,20717,1
27397,6470,1
27406,53295,1
27422,7194,1
27434,34996,1
27436,19782,1
27445,55719,1
27455,32250,1
27459,5105,1
27463,55384,1
27471,36065,1
27480,5536,1
27509,49040,1
27527,60445,1
27529,2022,1
27544,54819,1
27562,25935,1
27579,46436,1
27592,5721,1
27610,60255,1
27648,7945,1
27648,25074,1
27664,30152,1
27680,29667,1
27698,21387,1
27719,30831,1
27720,16512,1
27724,30915,1
27733,60102,1
27764,53695,1
27772,160,1
27790,37663,1
27793,11797,1
27795,29890,1
27795,30330,1
27804,18580,1
27808,36754,1
27819,57874,1
27843,51577,1
27849,6219,1
27850,20599,1
27861,47824,1
27874,37483,1
27876,6953,1
27907,18191,1
27907,28486,1
27917,47790,1
27945,44433,1
27952,53833,1
27953,15378,1
27965,61190,1
27987,16633,1
27989,49991,1
28011,3326,1
28060,43042,1
28103,58117,1
28107,5168,1
28126,651,1
28136,35142,1
28144,60278,1
28149,22178,1
28164,62733,1
28172,59746,1
28174,12756,1
28236,32662,1
28244,21130,1
28244,30321,1
28287,29591,1
28311,47535,1
28324,34952,1
28356,6750,1
28369,20302,1
28374,25461,1
28383,29338,1
28390,56324,1
28392,28857,1
28397,36579,1
28410,5431,1
28416,21603,1
28431,60325,1
28455,22434,1
28459,58816,1
28460,54638,1
28461,10144,1
28478,22730,1
28478,45724,1
28480,45631,1
28489,10441,1
28491,20132,1
28495,18260,1
28525,48059,1
28528,421,1
28532,13691,1
28542,51919,1
28558,42510,1
28563,34648,1
28563,35463,1
28581,55018,1
28604,26476,1
28610,34107,1
28613,42712,1
28624,26586,1
28628,2321,1
28642,1399,1
28643,17819,1
28668,38348,1
28687,52707,1
28692,4984,1
28694,37239,1
28697,8138,1
28705,36625,1
28707,23421,1
28712,23430,1
28728,31493,1
28737,38720,1
28756,20295,1
28793,43699,1
28796,15805,1
28805,9658,1
28807,61212,1
28810,49506,1
28813,28886,1
28835,44332,1
28845,50668,1
28848,46744,1
28868,20027,1
28874,40277,1
28882,31440,1
28911,2165,1
28916,30511,1
28918,19348,1
28934,26486,1
28943,35726,1
28963,40977,1
28964,53118,1
28999,42637,1
29015,30816,1
29023,50191,1
29027,32628,1
29039,49562,1
29053,42064,1
29080,36426,1
29096,47555,1
29136,60618,1
29152,11408,1
29156,53525,1
29165,15221,1
29205,4196,1
29206,27439,1
29207,3505,1
29208,40656,1
29247,56395,1
29250,19424,1
29255,6232,1
29287,51449,1
29290,16110,1
29292,25546,1
29307,63008,1
29328,44422,1
29335,31029,1
29353,29169,1
29362,16385,1
29390,49904,1
29392,48988,1
29401,18112,1
29414,28507,1
29417,4956,1
29420,2200,1
29427,15831,1
29429,16724,1
29440,8886,1
29444,39109,1
29461,19689,1
29482,37979,1
29495,51960,1
29513,55068,1
29516,31654,1
29523,60371,1
29536,22874,1
29536,62795,1
29546,21987,1
29547,448,1
29567,53199,1
29577,17000,1
29588,22826,1
29594,28609,1
29595,18737,1
29598,60244,1
29616,350,1
29619,62517,1
29703,22959,1
29705,26930,1
29710,15729,1
29721,59121,1
29737,22744,1
29759,6999,1
29765,16096,1
29790,32492,1
29808,5578,1
29815,2867,1
29825,37130,1
29826,5148,1
29829,52709,1
29848,48568,1
29880,1236,1
29886,15489,1
29907,4120,1
29918,3445,1
29926,29420,1
29930,15195,1
29932,33977,1
29938,61095,1
29956,42451,1
29959,21800,1
29961,2919,1
29977,60726,1
29989,18227,1
29995,45872,1
29999,51298,1
30000,15623,1
30001,25931,1
30005,1901,1
30034,57938,1
30039,46255,1
30050,49322,1
30052,10216,1
30058,10219,1
30084,38339,1
30087,821,1
30111,44077,1
30125,12603,1
30125,28714,1
30127,31680,1
30182,7347,1
30189,54180,1
30190,62794,1
30197,4476,1
30206,52752,1
30220,41128,1
30231,54948,1
30235,31066,1
30245,45330,1
30255,15715,1
30271,28972,1
30275,1733,1
30287,54358,1
30297,13428,1
30298,4327,1
30300,12155,1
30300,59839,1
30321,9970,1
30332,52133,1
30349,13879,1
30355,48902,1
30361,49289,1
30362,6142,1
30381,43205,1
30383,2224,1
30397,22209,1
30401,53048,1
30403,5275,1
30409,4683,1
30435,13573,1
30453,32967,1
30462,46310,1
30462,49484,1
30463,39510,1
30481,31385,1
30500,35407,1
30506,49911,1
30521,3983,1
30523,400,1
30526,23126,1
30532,4312,1
30548,16705,1
30550,61472,1
30554,45733,1
30559,30434,1
30578,47664,1
30584,21199,1
30594,19398,1
30595,49876,1
30598,29816,1
30600,21334,1
30622,21841,1
30644,57138,1
30653,60478,1
30662,61597,1
30668,58214,1
30679,4280,1
30683,43487,1
30695,44756,1
30702,5720,1
30723,5749,1
30723,56896,1
30727,5527,1
30750,59336,1
30762,2943,1
30772,19081,1
30776,56417,1
30777,11163,1
30784,25147,1
30793,48695,1
30811,11136,1
30813,49763,1
30825,31141,1
30827,35669,1
30843,37818,1
30846,14700,1
30846,25554,1
30847,8992,1
30872,1543,1
30896,46949,1
30933,2404,1
30934,3632,1
30938,13678,1
30940,57696,1
30949,31464,1
30953,53846,1
30954,30016,1
30974,62126,1
31010,47712,1
31039,26303,1
31051,13080,1
31055,36885,1
31062,35198,1
31091,63029,1
31097,22289,1
31117,3270,1
31130,40741,1
31137,34164,1
31143,7190,1
31154,55017,1
31180,24160,1
31194,13039,1
31194,38324,1
31213,57419,1
31225,41261,1
31279,38575,1
31305,25121,1
31328,54172,1
31337,22795,1
31343,11306,1
31343,50656,1
31363,17868,1
31363,53046,1
31373,15238,1
31393,18866,1
31406,47355,1
31422,52722,1
31437,25920,1
31442,2326,1
31444,981,1
31464,11489,1
31481,39436,1
31520,28723,1
31537,50421,1
31540,3845,1
31548,34023,1
31555,55285,1
31576,12401,1
31612,8826,1
31655,18363,1
31659,40828,1
31660,27287,1
31665,30567,1
31677,14879,1
31677,26380,1
31680,38839,1
31680,46817,1
31681,24473,1
31704,25844,1
31731,9275,1
31747,26985,1
31754,619,1
31790,32929,1
31796,32349,1
31801,16584,1
31827,3796,1
31834,24756,1
31837,15166,1
31840,38390,1
31854,24055,1
31859,49853,1
31877,41381,1
31884,60630,1
31890,31227,1
31910,6354,1
31913,10303,1
31923,29377,1
31959,22458,1
31963,36601,1
31972,46159,1
32003,24729,1
32016,48945,1
32023,43123,1
32028,13178,1
32072,53885,1
32075,62299,1
32084,25919,1
32094,42818,1
32102,54855,1
32108,17012,1
32125,52483,1
32135,21000,1
32144,28680,1
32148,28204,1
32160,63037,1
32190,53035,1
32190,55275,1
32195,14614,1
32282,54014,1
32293,42400,1
32346,32308,1
32356,7616,1
32368,53842,1
32383,26615,1
32391,35969,1
32417,10222,1
32446,5419,1
32454,59848,1
32455,17,1
32456,36622,1
32457,36691,1
32460,21271,1
32463,59046,1
32499,63108,1
32502,40547,1
32510,18682,1
32528,23435,1
32542,29396,1
32550,48340,1
32566,14764,1
32571,51359,1
32579,26610,1
32583,28817,1
32592,57615,1
32610,61541,1
32618,49916,1
32623,30185,1
32626,32242,1
32641,28308,1
32648,1397,1
32653,9420,1
32653,57178,1
32656,61954,1
32668,1535,1
32674,32233,1
32683,22014,1
32684,50498,1
32690,23442,1
32718,5334,1
32719,11176,1
32727,53472,1
32728,48085,1
32740,44341,1
32764,32922,1
32779,26835,1
32788,51860,1
32796,54572,1
32807,6207,1
32822,11702,1
32832,37923,1
32837,21792,1
32846,41296,1
32867,52313,1
32876,14358,1
32882,46162,1
32904,32896,1
32907,62003,1
32908,41642,1
32914,13016,1
32930,48260,1
32932,40608,1
32933,46465,1
32942,40063,1
32950,14099,1
32951,2586,1
32958,43276,1
32980,42757,1
32983,43549,1
32983,48826,1
32991,3975,1
33007,13112,1
33027,34832,1
33033,25281,1
33039,19064,1
33062,9812,1
33083,7141,1
33090,26035,1
33108,29091,1
33109,58092,1
33124,7164,1
33130,26788,1
33132,12826,1
33132,28694,1
33140,48418,1
33148,22061,1
33152,60212,1
33158,54932,1
33160,28573,1
33160,36477,1
33175,2215,1
33175,47698,1
33180,2923,1
33183,36133,1
33188,61495,1
33198,56511,1
33212,47676,1
33229,51918,1
33234,12478,1
33234,60162,1
33239,37993,1
33258,36635,1
33295,32168,1
33296,57927,1
33314,38091,1
33323,56308,1
33327,37974,1
33329,24518,1
33350,33159,1
33360,35820,1
33361,34015,1
33386,3986,1
33388,12267,1
33402,18245,1
33402,50553,1
33405,47756,1
33406,33361,1
33413,36068,1
33417,44306,1
33431,29586,1
33435,4958,1
33448,18043,1
33453,35078,1
33471,9149,1
33473,23755,1
33477,53089,1
33487,30475,1
33490,42420,1
33499,43383,1
33533,7793,1
33547,63126,1
33549,50326,1
33562,22241,1
33566,59465,1
33574,17655,1
33575,55771,1
33576,5460,1
33582,52985,1
33588,21748,1
33606,56082,1
33623,11656,1
33623,46854,1
33635,43413,1
33650,56838,1
33653,37398,1
33666,12578,1
33688,11063,1
33698,24156,1
33714,8218,1
33716,38305,1
33738,59354,1
33748,59493,1
33752,37851,1
33756,17397,1
33761,5985,1
33762,54508,1
33763,10834,1
33764,32523,1
33768,27400,1
33772,43319,1
33782,20220,1
33783,52022,1
33792,27429,1
33792,29469,1
33792,62384,1
33796,54908,1
33821,2119,1
33821,31131,1
33825,20092,1
33841,22420,1
33848,51583,1
33850,51125,1
33852,7320,1
33853,62968,1
33858,51808,1
33859,1536,1
33867,19101,1
33880,27121,1
33891,14186,1
33892,49333,1
33900,19430,1
33924,7275,1
33924,15681,1
33931,39774,1
33944,5115,1
33952,15339,1
33955,57251,1
33962,32854,1
33983,34308,1
34020,22671,1
34023,13588,1
34038,31915,1
34044,39853,1
34057,33172,1
34077,11845,1
34081,59062,1
34086,58230,1
34098,31202,1
34101,24111,1
34101,33820,1
34101,56336,1
34110,44205,1
34117,23032,1
34132,33408,1
34138,43552,1
34145,55081,1
34159,28357,1
34179,42009,1
34187,26357,1
34192,6155,1
34212,10258,1
34216,61161,1
34240,16267,1
34250,49281,1
34286,16693,1
34290,4160,1
34302,48628,1
34321,52633,1
34330,2089,1
34351,16628,1
34351,60702,1
34356,37927,1
34369,20981,1
34373,48682,1
34383,21588,1
34396,31210,1
34405,43312,1
34414,49056,1
34415,60477,1
34444,14344,1
34447,40829,1
34452,5587,1
34457,31556,1
34465,26585,1
34472,44252,1
34484,16410,1
34490,53752,1
34499,39827,1
34514,40778,1
34517,36226,1
34526,49140,1
34544,6161,1
34553,667,1
34557,27661,1
34574,57194,1
34593,11302,1
34612,15062,1
34620,48005,1
34627,19992,1
34659,14056,1
34671,15765,1
34680,41767,1
34683,14554,1
34700,42505,1
34709,43129,1
34711,3084,1
34718,22782,1
34758,31170,1
34772,27655,1
34773,16196,1
34803,44672,1
34831,37632,1
34844,20551,1
34845,31325,1
34853,31455,1
34874,37059,1
34880,13974,1
34885,12026,1
34886,19780,1
34894,38834,1
34909,9385,1
34923,7439,1
34927,55158,1
34928,28953,1
34929,7991,1
34936,17774,1
34944,24253,1
34951,4523,1
34951,18367,1
34956,20526,1
34959,28548,1
34961,16271,1
34969,35806,1
34970,27486,1
34985,15983,1
35000,36534,1
35004,48031,1
35008,36669,1
35084,41818,1
35091,61501,1
35096,2180,1
35100,22147,1
35129,58442,1
35134,20763,1
35149,52015,1
35151,28911,1
35152,30363,1
35155,4456,1
35155,38890,1
35168,54340,1
35184,21186,1
35192,56828,1
35204,35301,1
35220,18213,1
35227,6477,1
35228,39157,1
35330,21541,1
35332,8725,1
35333,21649,1
35338,51018,1
35346,17872,1
35354,4793,1
35362,39693,1
35363,56261,1
35380,43393,1
35402,24384,1
35403,15100,1
35413,39817,1
35430,36925,1
35439,26510,1
35447,54015,1
35451,1650,1
35461,39227,1
35513,19715,1
35522,50649,1
35524,29678,1
35552,2409,1
35561,33504,1
35568,43283,1
35570,49042,1
35621,19987,1
35621,52717,1
35625,18158,1
35664,24161,1
35681,20813,1
35694,5603,1
35697,8778,1
35713,46872,1
35724,12679,1
35737,54310,1
35744,18165,1
35748,59058,1
35760,36293,1
35783,27420,1
35790,10538,1
35806,50536,1
35820,20025,1
35823,29157,1
35828,49413,1
35841,15007,1
35862,11430,1
35863,31271,1
35878,26044,1
35878,47556,1
35903,53231,1
35913,52570,1
35924,56507,1
35957,32212,1
35962,52408,1
35964,59530,1
35966,24571,1
35974,52125,1
35986,53773,1
35997,6941,1
36001,44717,1
36068,20503,1
36072,32848,1
36072,44199,1
36091,40769,1
36092,36219,1
36094,56795,1
36103,32422,1
36127,41871,1
36128,17573,1
36136,32210,1
36141,13713,1
36146,25971,1
36156,19506,1
36167,24078,1
36201,41177,1
36206,13459,1
36209,34505,1
36217,45777,1
36223,60195,1
36226,59039,1
36232,36875,1
36233,48507,1
36233,60126,1
36234,33451,1
36248,35948,1
36278,33970,1
36283,19407,1
36298,39561,1
36301,7455,1
36304,45417,1
36312,53544,1
36317,30646,1
36318,61553,1
36333,24349,1
36342,30229,1
36342,60741,1
36366,16349,1
36394,5310,1
36409,37823,1
36419,20288,1
36419,53109,1
36447,13233,1
36452,31366,1
36464,24599,1
36466,45125,1
36472,61582,1
36480,53730,1
36485,47204,1
36498,5942,1
36500,39069,1
36511,12293,1
36519,25977,1
36525,19412,1
36533,17376,1
36538,17966,1
36558,28789,1
36583,33620,1
36590,35869,1
36597,18483,1
36597,41032,1
36619,49105,1
36621,7784,1
36622,3882,1
36628,55872,1
36658,18226,1
36658,28856,1
36662,43692,1
36694,49162,1
36709,20505,1
36725,20042,1
36733,37367,1
36736,23467,1
36744,50125,1
36760,60750,1
36778,19752,1
36784,4739,1
36790,47984,1
36791,893,1
36814,46514,1
36844,32407,1
36851,29776,1
36855,51121,1
36870,35757,1
36874,40347,1
36874,52369,1
36875,44246,1
36877,40191,1
36880,62963,1
36889,4567,1
36894,27065,1
36903,15609,1
36906,47726,1
36915,46846,1
36917,24907,1
36921,56245,1
36946,633,1
36965,6411,1
36967,41985,1
36988,61107,1
37011,31952,1
37028,61423,1
37041,55051,1
37043,8592,1
37062,13148,1
37076,8617,1
37083,48656,1
37090,19577,1
37091,164,1
37101,15559,1
37107,32668,1
37125,16487,1
37129,22445,1
37130,30805,1
37154,10844,1
37165,8234,1
37172,45013,1
37180,58761,1
37188,1771,1
37188,58049,1
37196,52444,1
37234,56898,1
37265,12153,1
37266,11334,1
37267,27728,1
37272,61276,1
37280,30107,1
37285,18086,1
37325,21330,1
37334,14836,1
37337,52856,1
37372,59949,1
37394,4942,1
37397,33331,1
37415,38407,1
37419,9261,1
37426,32924,1
37427,50920,1
37430,56767,1
37432,13050,1
44370,4370,1
49371,9371,1
59397,19397,1
64906,24906,1
74176,34176,1
75217,35217,1
77762,37762,1
82479,42479,1
87300,47300,1
89636,49636,1
102176,62176,1
102353,62353,1
